-- --------------------------------------------------------
-- Host:                         127.0.0.1
-- Server version:               8.0.13 - MySQL Community Server - GPL
-- Server OS:                    Win64
-- HeidiSQL Version:             9.5.0.5196
-- --------------------------------------------------------

/*!40101 SET @OLD_CHARACTER_SET_CLIENT=@@CHARACTER_SET_CLIENT */;
/*!40101 SET NAMES utf8 */;
/*!50503 SET NAMES utf8mb4 */;
/*!40014 SET @OLD_FOREIGN_KEY_CHECKS=@@FOREIGN_KEY_CHECKS, FOREIGN_KEY_CHECKS=0 */;
/*!40101 SET @OLD_SQL_MODE=@@SQL_MODE, SQL_MODE='NO_AUTO_VALUE_ON_ZERO' */;

-- Dumping structure for table roddom.kids
CREATE TABLE IF NOT EXISTS `kids` (
  `id` int(11) NOT NULL AUTO_INCREMENT,
  `name` varchar(50) DEFAULT '0',
  `mom_id` int(11) NOT NULL DEFAULT '0',
  `birth` datetime DEFAULT NULL,
  PRIMARY KEY (`id`),
  KEY `FK_kids_moms` (`mom_id`),
  CONSTRAINT `FK_kids_moms` FOREIGN KEY (`mom_id`) REFERENCES `moms` (`id`)
) ENGINE=InnoDB AUTO_INCREMENT=132 DEFAULT CHARSET=utf8;

-- Dumping data for table roddom.kids: ~120 rows (approximately)
/*!40000 ALTER TABLE `kids` DISABLE KEYS */;
INSERT INTO `kids` (`id`, `name`, `mom_id`, `birth`) VALUES
	(5, 'Роман', 93, '2018-12-04 04:43:11'),
	(6, 'Лада', 23, '2018-12-11 15:12:50'),
	(7, 'Захар', 69, '2018-12-15 04:20:17'),
	(8, 'Евгения', 52, '2018-12-10 14:28:33'),
	(9, 'Пелагея', 45, '2018-12-05 01:47:31'),
	(10, 'Надежда', 88, '2018-12-05 03:57:36'),
	(11, 'Люсия', 59, '2018-12-08 04:51:03'),
	(12, 'Евгений', 91, '2018-12-09 02:48:07'),
	(13, 'Тамара', 11, '2018-12-04 13:53:04'),
	(14, 'Варвара', 7, '2018-12-07 03:26:35'),
	(15, 'Лилианна', 41, '2018-12-05 13:59:22'),
	(16, 'Лидия', 94, '2018-12-04 02:02:43'),
	(17, 'Альберт', 86, '2018-12-15 06:41:09'),
	(18, 'Маргарита', 98, '2018-12-05 17:43:11'),
	(19, 'Лилия', 88, '2018-12-08 10:58:08'),
	(20, 'Яков', 80, '2018-12-08 16:06:43'),
	(21, 'Павел', 3, '2018-12-15 14:04:48'),
	(22, 'Антон', 1, '2018-12-07 12:29:31'),
	(23, 'Татьяна', 58, '2018-12-02 10:38:50'),
	(24, 'Ксения', 47, '2018-12-15 06:11:12'),
	(25, 'Владимир', 7, '2018-12-10 13:25:11'),
	(26, 'Никифор', 46, '2018-12-04 14:57:54'),
	(27, 'Валентина', 33, '2018-12-03 00:59:36'),
	(28, 'Екатерина', 9, '2018-12-12 22:29:58'),
	(29, 'Кристина', 70, '2018-12-11 03:56:39'),
	(30, 'Василий', 96, '2018-12-14 14:39:01'),
	(31, 'Светлана', 80, '2018-12-09 03:50:44'),
	(32, 'Анастасия', 19, '2018-12-13 13:42:16'),
	(33, 'Трофим', 46, '2018-12-09 23:24:47'),
	(34, 'Андрей', 50, '2018-12-06 18:22:46'),
	(35, 'Руслан', 97, '2018-12-15 12:05:07'),
	(36, 'Любовь', 81, '2018-12-12 19:42:52'),
	(37, 'Кирилл', 12, '2018-12-15 04:44:40'),
	(38, 'Григорий', 40, '2018-12-07 03:00:23'),
	(39, 'Наталья', 32, '2018-12-15 15:13:32'),
	(40, 'Полина', 29, '2018-12-12 09:32:08'),
	(41, 'Милана', 52, '2018-12-12 16:25:43'),
	(42, 'Леонид', 78, '2018-12-09 19:57:49'),
	(43, 'Егор', 45, '2018-12-08 16:57:34'),
	(44, 'Фёдор', 53, '2018-12-11 15:20:00'),
	(45, 'Анеля', 1, '2018-12-15 16:12:59'),
	(46, 'Сергей', 2, '2018-12-13 01:30:30'),
	(47, 'Лия', 30, '2018-12-15 21:19:13'),
	(48, 'Валентин', 8, '2018-12-09 20:30:10'),
	(49, 'Нина', 34, '2018-12-13 04:58:52'),
	(50, 'Ефросиния', 54, '2018-12-06 01:49:26'),
	(51, 'Максим', 10, '2018-12-16 08:36:14'),
	(52, 'Марина', 46, '2018-12-05 03:58:30'),
	(53, 'Никита', 60, '2018-12-16 08:29:25'),
	(54, 'Прасковья', 57, '2018-12-07 20:57:15'),
	(55, 'Эдуард', 17, '2018-12-15 21:43:36'),
	(56, 'Людмила', 54, '2018-12-11 12:11:54'),
	(57, 'Рита', 84, '2018-12-07 10:14:19'),
	(58, 'Емельян', 31, '2018-12-14 05:01:31'),
	(59, 'Ираида', 41, '2018-12-04 08:50:14'),
	(60, 'Фома', 67, '2018-12-04 19:32:19'),
	(61, 'Афанасий', 31, '2018-12-08 13:36:27'),
	(62, 'Фёкла', 18, '2018-12-11 23:51:00'),
	(63, 'Борис', 65, '2018-12-03 20:51:14'),
	(64, 'Лена', 93, '2018-12-08 23:08:48'),
	(65, 'Эльвира', 42, '2018-12-02 19:35:57'),
	(66, 'Алена', 73, '2018-12-12 18:58:58'),
	(67, 'Евдокия', 53, '2018-12-11 02:32:36'),
	(68, 'Александр', 18, '2018-12-14 18:11:44'),
	(69, 'Кузьма', 28, '2018-12-10 01:46:29'),
	(70, 'Игорь', 53, '2018-12-03 16:42:54'),
	(71, 'Вячеслав', 18, '2018-12-13 20:40:39'),
	(72, 'Мария', 57, '2018-12-13 19:40:10'),
	(73, 'Константин', 91, '2018-12-11 02:44:32'),
	(74, 'Александра', 97, '2018-12-11 17:07:48'),
	(75, 'Виктор', 65, '2018-12-08 19:51:03'),
	(76, 'Елена', 91, '2018-12-06 14:17:27'),
	(77, 'Степанида', 16, '2018-12-04 02:19:43'),
	(78, 'Владислав', 21, '2018-12-12 07:11:54'),
	(79, 'Альфия', 22, '2018-12-04 19:26:00'),
	(80, 'Лев', 42, '2018-12-12 17:59:54'),
	(81, 'Элеонора', 19, '2018-12-04 22:07:09'),
	(82, 'Данила', 39, '2018-12-11 23:01:41'),
	(83, 'Юлия', 33, '2018-12-14 15:12:37'),
	(84, 'Алексей', 37, '2018-12-06 21:23:38'),
	(85, 'Ксенофонт', 4, '2018-12-16 03:45:58'),
	(86, 'Олег', 69, '2018-12-15 17:04:35'),
	(87, 'Александра', 93, '2018-12-13 16:30:39'),
	(88, 'Ринат', 55, '2018-12-04 21:45:09'),
	(89, 'Авдотья', 68, '2018-12-09 01:39:26'),
	(90, 'Николай', 79, '2018-12-14 05:27:19'),
	(91, 'Ангелика', 83, '2018-12-13 12:43:54'),
	(92, 'Илья', 43, '2018-12-08 13:43:13'),
	(93, 'Геннадий', 55, '2018-12-13 20:50:02'),
	(94, 'Владимир', 38, '2018-12-13 05:26:07'),
	(95, 'Ольга', 57, '2018-12-08 03:06:07'),
	(96, 'Макар', 65, '2018-12-12 13:37:52'),
	(97, 'Касьян', 91, '2018-12-08 01:16:39'),
	(98, 'Клавдия', 53, '2018-12-14 03:55:16'),
	(99, 'Георгий', 60, '2018-12-16 06:12:02'),
	(100, 'Платон', 83, '2018-12-08 09:40:00'),
	(101, 'Юрий', 36, '2018-12-04 20:09:30'),
	(102, 'Римма', 72, '2018-12-10 14:13:09'),
	(103, 'Акулина', 28, '2018-12-08 01:02:54'),
	(104, 'Власий', 58, '2018-12-06 01:00:42'),
	(105, 'Лариса', 4, '2018-12-03 16:20:27'),
	(106, 'Анатолий', 82, '2018-12-11 21:05:44'),
	(107, 'Таисья', 29, '2018-12-03 22:52:57'),
	(108, 'Степан', 65, '2018-12-09 17:33:13'),
	(109, 'Богдан', 63, '2018-12-06 09:32:53'),
	(110, 'Хевронья', 83, '2018-12-14 09:30:21'),
	(111, 'Анна', 51, '2018-12-08 09:18:44'),
	(112, 'Алина', 27, '2018-12-10 08:28:16'),
	(113, 'Жанна', 59, '2018-12-10 04:50:46'),
	(114, 'Радик', 85, '2018-12-03 13:14:39'),
	(115, 'Артур', 42, '2018-12-12 18:06:35'),
	(116, 'Пётр', 5, '2018-12-08 17:14:36'),
	(117, 'Оксана', 17, '2018-12-02 22:18:55'),
	(118, 'Вера', 95, '2018-12-14 02:16:23'),
	(119, 'Артем', 38, '2018-12-03 06:50:48'),
	(120, 'Тимофей', 57, '2018-12-13 17:50:30'),
	(121, 'Валерий', 61, '2018-12-14 11:05:44'),
	(122, 'Виталий', 79, '2018-12-14 16:22:48'),
	(123, 'Винер', 51, '2018-12-13 15:02:25'),
	(124, 'Инесса', 77, '2018-12-07 16:29:19');
/*!40000 ALTER TABLE `kids` ENABLE KEYS */;

-- Dumping structure for table roddom.moms
CREATE TABLE IF NOT EXISTS `moms` (
  `id` int(11) NOT NULL AUTO_INCREMENT,
  `last_name` varchar(50) NOT NULL DEFAULT '0',
  `name` varchar(50) NOT NULL DEFAULT '0',
  `mid_name` varchar(50) NOT NULL DEFAULT '0',
  PRIMARY KEY (`id`)
) ENGINE=InnoDB AUTO_INCREMENT=129 DEFAULT CHARSET=utf8;

-- Dumping data for table roddom.moms: ~101 rows (approximately)
/*!40000 ALTER TABLE `moms` DISABLE KEYS */;
INSERT INTO `moms` (`id`, `last_name`, `name`, `mid_name`) VALUES
	(1, 'Недобитова', 'Татьяна', 'Эдуардовна'),
	(2, 'Королёва', 'Хевронья', ''),
	(3, 'Гладышева', 'Марина', 'Руслановна'),
	(4, 'Фролова', 'Римма', 'Кирилловна'),
	(5, 'Мишечкина', 'Екатерина', 'Олеговна'),
	(6, 'Однодворцева', 'Наталья', 'Петровна'),
	(7, 'Лисицына', 'Оксана', 'Юрьевна'),
	(8, 'Витина', 'Раиса', 'Федотовна'),
	(9, 'Аршинникова', 'Анеля', 'Явдатовна'),
	(10, 'Смирнова', 'Ирина', 'Максимовна'),
	(11, 'Аушева', 'Хевронья', 'Антоновна'),
	(12, 'Батюшкова', 'Галина', 'Васильевна'),
	(13, 'Буянтуева', 'Оксана', 'Борисовна'),
	(14, 'Лешукова', 'Александра', 'Платоновна'),
	(15, 'Лемешева', 'Оксинья', 'Антоновна'),
	(16, 'Булатова', 'Фёкла', 'Григорьевна'),
	(17, 'Зимина', 'Авдотья', 'Григорьевна'),
	(18, 'Букова', 'Ираида', 'Антоновна'),
	(19, 'Жмакина', 'Лариса', ''),
	(20, 'Шустрова', 'Александра', 'Вадимовна'),
	(21, 'Дуракова', 'Вера', 'Тимофеевна'),
	(22, 'Гордеева', 'Юлия', 'Власиевна'),
	(23, 'Батюшкова', 'Лилианна', 'Ивановна'),
	(24, 'Ларькова', 'Надежда', 'Максимовна'),
	(25, 'Журавлёва', 'Людмила', 'Суреновна'),
	(26, 'Вострокопытова', 'Лия', 'Макаровна'),
	(27, 'Лемяхова', 'Инна', 'Емельяновна'),
	(28, 'Нистратова', 'Лилианна', 'Петровна'),
	(29, 'Скороходова', 'Ксения', 'Евгеньевна'),
	(30, 'Ломовцева', 'Мария', 'Михайловна'),
	(31, 'Авлова', 'Полина', 'Власиевна'),
	(32, 'Недожорова', 'Эльвира', 'Александровна'),
	(33, 'Карагодина', 'Инна', 'Борисовна'),
	(34, 'Ерохина', 'Галина', 'Власиевна'),
	(35, 'Баландина', 'Варвара', 'Владиславовна'),
	(36, 'Баландина', 'Варвара', 'Кузьминична'),
	(37, 'Сидорова', 'Антонина', 'Эдуардовна'),
	(38, 'Муравлёва', 'Хевронья', 'Афанасьевна'),
	(39, 'Недокукина', 'Вера', 'Сергеевна'),
	(40, 'Мишурова', 'Варвара', 'Кирилловна'),
	(41, 'Алаева', 'Мария', 'Федотовна'),
	(42, 'Ворохобина', 'Ираида', 'Касьяновна'),
	(43, 'Нефедьева', 'Галина', 'Дмитриевна'),
	(44, 'Лёвочкина', 'Нина', 'Леопольдовна'),
	(45, 'Баглай', 'Хевронья', 'Аркадьевна'),
	(46, 'Беглова', 'Фёкла', 'Владиславовна'),
	(47, 'Ломовцева', 'Людмила', 'Платоновна'),
	(48, 'Кандаурова', 'Степанида', 'Валерьевна'),
	(49, 'Назимова', 'Ефросиния', 'Леонидовна'),
	(50, 'Лунина', 'Алена', 'Викторовна'),
	(51, 'Мишечкина', 'Юлия', ''),
	(52, 'Бурмистова', 'Анастасия', 'Геннадьевна'),
	(53, 'Вырошникова', 'Лада', 'Юрьевна'),
	(54, 'Ламзина', 'Лидия', 'Павловна'),
	(55, 'Исаева', 'Надежда', 'Суреновна'),
	(56, 'Мирошникова', 'Ксения', 'Ивановна'),
	(57, 'Чернозёмова', 'Елена', 'Валерьевна'),
	(58, 'Ширилова', 'Римма', 'Денисовна'),
	(59, 'Недокладова', 'Елена', 'Андреевна'),
	(60, 'Дымова', 'Люсия', 'Антоновна'),
	(61, 'Кашицына', 'Кристина', 'Емельяновна'),
	(62, 'Бадыгина', 'Ирина', 'Валерьевна'),
	(63, 'Сладкова', 'Ангелика', 'Альбертовна'),
	(64, 'Ненашкина', 'Любовь', 'Валерьевна'),
	(65, 'Тукмакова', 'Марина', 'Юрьевна'),
	(66, 'Выростова', 'Татьяна', 'Михайловна'),
	(67, 'Нарышкина', 'Полина', 'Леонидовна'),
	(68, 'Левышева', 'Любовь', 'Рамилевна'),
	(69, 'Мирошникова', 'Прасковья', 'Константиновна'),
	(70, 'Белова', 'Элеонора', 'Вячеславовна'),
	(71, 'Наседкина', 'Полина', 'Федотовна'),
	(72, 'Дробышева', 'Пелагея', 'Кирилловна'),
	(73, 'Кирова', 'Елена', 'Тимофеевна'),
	(74, 'Паньшина', 'Маргарита', 'Викторовна'),
	(75, 'Куликова', 'Александра', 'Андреевна'),
	(76, 'Глазьева', 'Оксинья', 'Юрьевна'),
	(77, 'Зайцева', 'Пелагея', 'Александровна'),
	(78, 'Баландина', 'Людмила', 'Тимофеевна'),
	(79, 'Качулина', 'Альфия', 'Саматовна'),
	(80, 'Казанцева', 'Пелагея', 'Фёдоровна'),
	(81, 'Бражникова', 'Елизавета', 'Ильинична'),
	(82, 'Кузнецова', 'Ольга', 'Игоревна'),
	(83, 'Багаева', 'Рита', 'Кирилловна'),
	(84, 'Багина', 'Евгения', 'Ивановна'),
	(85, 'Синякина', 'Инесса', 'Юрьевна'),
	(86, 'Скороходова', 'Милана', 'Руслановна'),
	(87, 'Митрохина', 'Вера', 'Григорьевна'),
	(88, 'Андросова', 'Алина', 'Егоровна'),
	(89, 'Платонова', 'Лия', 'Андреевна'),
	(90, 'Лындина', 'Тамара', ''),
	(91, 'Клочкова', 'Галина', 'Касьяновна'),
	(92, 'Оськина', 'Антонина', 'Александровна'),
	(93, 'Изотова', 'Вера', 'Анатольевна'),
	(94, 'Багина', 'Ангелика', 'Султангалиевна'),
	(95, 'Лызлова', 'Оксана', 'Александровна'),
	(96, 'Недозевина', 'Римма', 'Леопольдовна'),
	(97, 'Братухина', 'Инесса', 'Федотовна'),
	(98, 'Евсеева', 'Екатерина', 'Анатольевна'),
	(99, 'Жмакина', 'Юлия', 'Геннадьевна'),
	(100, 'Ветошникова', 'Лариса', 'Эдуардовна'),
	(128, 'Епифанова', 'Елена', '0');
/*!40000 ALTER TABLE `moms` ENABLE KEYS */;

-- Dumping structure for table roddom.momsbackup
CREATE TABLE IF NOT EXISTS `momsbackup` (
  `id` int(11) NOT NULL,
  `last_name` varchar(50) NOT NULL,
  `name` varchar(50) NOT NULL,
  `mid_name` varchar(50) NOT NULL,
  `created_date` datetime NOT NULL
) ENGINE=InnoDB DEFAULT CHARSET=utf8;

-- Dumping data for table roddom.momsbackup: ~3 rows (approximately)
/*!40000 ALTER TABLE `momsbackup` DISABLE KEYS */;
INSERT INTO `momsbackup` (`id`, `last_name`, `name`, `mid_name`, `created_date`) VALUES
	(128, 'Епифанова', 'Катерина', '0', '0000-00-00 00:00:00'),
	(128, 'Епифанова', 'Катерина', '0', '0000-00-00 00:00:00'),
	(128, 'Епифанова', 'Ольга', '0', '2018-12-17 15:36:44');
/*!40000 ALTER TABLE `momsbackup` ENABLE KEYS */;

-- Dumping structure for table roddom.names_f
CREATE TABLE IF NOT EXISTS `names_f` (
  `id` int(11) unsigned NOT NULL AUTO_INCREMENT,
  `company_id` int(11) NOT NULL DEFAULT '1' COMMENT 'ID компании',
  `firstname` varchar(255) DEFAULT NULL,
  `gender` int(11) DEFAULT NULL,
  PRIMARY KEY (`id`),
  KEY `company_id` (`company_id`)
) ENGINE=InnoDB AUTO_INCREMENT=141 DEFAULT CHARSET=utf8;

-- Dumping data for table roddom.names_f: ~140 rows (approximately)
/*!40000 ALTER TABLE `names_f` DISABLE KEYS */;
INSERT INTO `names_f` (`id`, `company_id`, `firstname`, `gender`) VALUES
	(1, 1, 'Александр', 1),
	(2, 1, 'Александра', 1),
	(3, 1, 'Алексей', 1),
	(4, 1, 'Альберт', 1),
	(5, 1, 'Анатолий', 1),
	(6, 1, 'Андрей', 1),
	(7, 1, 'Антон', 1),
	(8, 1, 'Артем', 1),
	(9, 1, 'Артур', 1),
	(10, 1, 'Афанасий', 1),
	(11, 1, 'Богдан', 1),
	(12, 1, 'Борис', 1),
	(13, 1, 'Вадим', 1),
	(14, 1, 'Валентин', 1),
	(15, 1, 'Валерий', 1),
	(16, 1, 'Василий', 1),
	(17, 1, 'Виктор', 1),
	(18, 1, 'Винер', 1),
	(19, 1, 'Виталий', 1),
	(20, 1, 'Владимир', 1),
	(21, 1, 'Владислав', 1),
	(22, 1, 'Власий', 1),
	(23, 1, 'Всеволод', 1),
	(24, 1, 'Вячеслав', 1),
	(25, 1, 'Геннадий', 1),
	(26, 1, 'Георгий', 1),
	(27, 1, 'Григорий', 1),
	(28, 1, 'Данила', 1),
	(29, 1, 'Денис', 1),
	(30, 1, 'Дмитрий', 1),
	(31, 1, 'Евгений', 1),
	(32, 1, 'Егор', 1),
	(33, 1, 'Емельян', 1),
	(34, 1, 'Захар', 1),
	(35, 1, 'Иван', 1),
	(36, 1, 'Игорь', 1),
	(37, 1, 'Илья', 1),
	(38, 1, 'Касьян', 1),
	(39, 1, 'Кирилл', 1),
	(40, 1, 'Константин', 1),
	(41, 1, 'Ксенофонт', 1),
	(42, 1, 'Кузьма', 1),
	(43, 1, 'Лев', 1),
	(44, 1, 'Леонид', 1),
	(45, 1, 'Леопольд', 1),
	(46, 1, 'Макар', 1),
	(47, 1, 'Максим', 1),
	(48, 1, 'Михаил', 1),
	(49, 1, 'Никита', 1),
	(50, 1, 'Никифор', 1),
	(51, 1, 'Николай', 1),
	(52, 1, 'Олег', 1),
	(53, 1, 'Павел', 1),
	(54, 1, 'Пётр', 1),
	(55, 1, 'Платон', 1),
	(56, 1, 'Радик', 1),
	(57, 1, 'Расиль', 1),
	(58, 1, 'Ринат', 1),
	(59, 1, 'Роман', 1),
	(60, 1, 'Руслан', 1),
	(61, 1, 'Светлана', 1),
	(62, 1, 'Сергей', 1),
	(63, 1, 'Станислав', 1),
	(64, 1, 'Степан', 1),
	(65, 1, 'Тимофей', 1),
	(66, 1, 'Тимур', 1),
	(67, 1, 'Трофим', 1),
	(68, 1, 'Фёдор', 1),
	(69, 1, 'Федот', 1),
	(70, 1, 'Фома', 1),
	(71, 1, 'Эдуард', 1),
	(72, 1, 'Юрий', 1),
	(73, 1, 'Яков', 1),
	(74, 1, 'Авдотья', 2),
	(75, 1, 'Акулина', 2),
	(76, 1, 'Александра', 2),
	(77, 1, 'Алена', 2),
	(78, 1, 'Алина', 2),
	(79, 1, 'Альфия', 2),
	(80, 1, 'Анастасия', 2),
	(81, 1, 'Ангелика', 2),
	(82, 1, 'Анеля', 2),
	(83, 1, 'Анна', 2),
	(84, 1, 'Антонина', 2),
	(85, 1, 'Валентина', 2),
	(86, 1, 'Варвара', 2),
	(87, 1, 'Вера', 2),
	(88, 1, 'Вероника', 2),
	(89, 1, 'Владимир', 2),
	(90, 1, 'Галина', 2),
	(91, 1, 'Евгения', 2),
	(92, 1, 'Евдокия', 2),
	(93, 1, 'Екатерина', 2),
	(94, 1, 'Елена', 2),
	(95, 1, 'Елизавета', 2),
	(96, 1, 'Ефросиния', 2),
	(97, 1, 'Жанна', 2),
	(98, 1, 'Инесса', 2),
	(99, 1, 'Инна', 2),
	(100, 1, 'Ираида', 2),
	(101, 1, 'Ирина', 2),
	(102, 1, 'Клавдия', 2),
	(103, 1, 'Кристина', 2),
	(104, 1, 'Ксения', 2),
	(105, 1, 'Лада', 2),
	(106, 1, 'Лариса', 2),
	(107, 1, 'Лена', 2),
	(108, 1, 'Лидия', 2),
	(109, 1, 'Лилианна', 2),
	(110, 1, 'Лилия', 2),
	(111, 1, 'Лия', 2),
	(112, 1, 'Любовь', 2),
	(113, 1, 'Людмила', 2),
	(114, 1, 'Люсия', 2),
	(115, 1, 'Маргарита', 2),
	(116, 1, 'Марина', 2),
	(117, 1, 'Мария', 2),
	(118, 1, 'Милана', 2),
	(119, 1, 'Надежда', 2),
	(120, 1, 'Наталья', 2),
	(121, 1, 'Нина', 2),
	(122, 1, 'Оксана', 2),
	(123, 1, 'Оксинья', 2),
	(124, 1, 'Ольга', 2),
	(125, 1, 'Пелагея', 2),
	(126, 1, 'Полина', 2),
	(127, 1, 'Прасковья', 2),
	(128, 1, 'Раиса', 2),
	(129, 1, 'Римма', 2),
	(130, 1, 'Рита', 2),
	(131, 1, 'Светлана', 2),
	(132, 1, 'Степанида', 2),
	(133, 1, 'Таисья', 2),
	(134, 1, 'Тамара', 2),
	(135, 1, 'Татьяна', 2),
	(136, 1, 'Фёкла', 2),
	(137, 1, 'Хевронья', 2),
	(138, 1, 'Элеонора', 2),
	(139, 1, 'Эльвира', 2),
	(140, 1, 'Юлия', 2);
/*!40000 ALTER TABLE `names_f` ENABLE KEYS */;

-- Dumping structure for table roddom.names_l
CREATE TABLE IF NOT EXISTS `names_l` (
  `id` int(11) unsigned NOT NULL AUTO_INCREMENT,
  `company_id` int(11) NOT NULL DEFAULT '1' COMMENT 'ID компании',
  `lastname` varchar(255) DEFAULT NULL,
  `gender` int(11) DEFAULT NULL,
  PRIMARY KEY (`id`),
  KEY `company_id` (`company_id`)
) ENGINE=InnoDB AUTO_INCREMENT=1527 DEFAULT CHARSET=utf8;

-- Dumping data for table roddom.names_l: ~1 526 rows (approximately)
/*!40000 ALTER TABLE `names_l` DISABLE KEYS */;
INSERT INTO `names_l` (`id`, `company_id`, `lastname`, `gender`) VALUES
	(1, 1, 'Мысин', 1),
	(2, 1, 'Муравлёв', 1),
	(3, 1, 'Дягилев', 1),
	(4, 1, 'Бабаев', 1),
	(5, 1, 'Мичурин', 1),
	(6, 1, 'Микифоров', 1),
	(7, 1, 'Кунцев', 1),
	(8, 1, 'Лесин', 1),
	(9, 1, 'Бахолдин', 1),
	(10, 1, 'Евлашин', 1),
	(11, 1, 'Недосказов', 1),
	(12, 1, 'Муштаков', 1),
	(13, 1, 'Миханкин', 1),
	(14, 1, 'Витютиев', 1),
	(15, 1, 'Станкова', 1),
	(16, 1, 'Богдашкин', 1),
	(17, 1, 'Евлашов', 1),
	(18, 1, 'Мингалёв', 1),
	(19, 1, 'Грызлов', 1),
	(20, 1, 'Волков', 1),
	(21, 1, 'Жеребин', 1),
	(22, 1, 'Миронов', 1),
	(23, 1, 'Демихов', 1),
	(24, 1, 'Неприн', 1),
	(25, 1, 'Дондов', 1),
	(26, 1, 'Девятов', 1),
	(27, 1, 'Дедов', 1),
	(28, 1, 'Дежнев', 1),
	(29, 1, 'Наровчатов', 1),
	(30, 1, 'Гриньков', 1),
	(31, 1, 'Поварницин', 1),
	(32, 1, 'Будаев', 1),
	(33, 1, 'Ларюхин', 1),
	(34, 1, 'Корубин', 1),
	(35, 1, 'Голованев', 1),
	(36, 1, 'Чунов', 1),
	(37, 1, 'Сюткин', 1),
	(38, 1, 'Каймаков', 1),
	(39, 1, 'Мещеряков', 1),
	(40, 1, 'Назимов', 1),
	(41, 1, 'Архипов', 1),
	(42, 1, 'Дёмин', 1),
	(43, 1, 'Малахов', 1),
	(44, 1, 'Недозевин', 1),
	(45, 1, 'Смирнов', 1),
	(46, 1, 'Трубачёв', 1),
	(47, 1, 'Бершов', 1),
	(48, 1, 'Кадышев', 1),
	(49, 1, 'Лихачёв', 1),
	(50, 1, 'Викторов', 1),
	(51, 1, 'Бабин', 1),
	(52, 1, 'Скворцов', 1),
	(53, 1, 'Абрамцев', 1),
	(54, 1, 'Бахтияров', 1),
	(55, 1, 'Глазьев', 1),
	(56, 1, 'Ерашев', 1),
	(57, 1, 'Ковальков', 1),
	(58, 1, 'Карпушкин', 1),
	(59, 1, 'Нечаев', 1),
	(60, 1, 'Тимофеев', 1),
	(61, 1, 'Карпеев', 1),
	(62, 1, 'Благинин', 1),
	(63, 1, 'Спиридонов', 1),
	(64, 1, 'Моржеретов', 1),
	(65, 1, 'Бурмистров', 1),
	(66, 1, 'Задерихин', 1),
	(67, 1, 'Злобин', 1),
	(68, 1, 'Балашов', 1),
	(69, 1, 'Золотавин', 1),
	(70, 1, 'Листратов', 1),
	(71, 1, 'Беспалов', 1),
	(72, 1, 'Лихарев', 1),
	(73, 1, 'Евдокимов', 1),
	(74, 1, 'Астафьев', 1),
	(75, 1, 'Капшуль', 1),
	(76, 1, 'Федоров', 1),
	(77, 1, 'Брума', 1),
	(78, 1, 'Крылов', 1),
	(79, 1, 'Андреев', 1),
	(80, 1, 'Близнюков', 1),
	(81, 1, 'Наговицын', 1),
	(82, 1, 'Романов', 1),
	(83, 1, 'Нистратов', 1),
	(84, 1, 'Нежданов', 1),
	(85, 1, 'Перумов', 1),
	(86, 1, 'Гамзулин', 1),
	(87, 1, 'Бутаков', 1),
	(88, 1, 'Бестужев', 1),
	(89, 1, 'Булатов', 1),
	(90, 1, 'Недокучаев', 1),
	(91, 1, 'Загудалов', 1),
	(92, 1, 'Панов', 1),
	(93, 1, 'Морозов', 1),
	(94, 1, 'Лешуков', 1),
	(95, 1, 'Евланов', 1),
	(96, 1, 'Чумаков', 1),
	(97, 1, 'Лутошников', 1),
	(98, 1, 'Журавлёв', 1),
	(99, 1, 'Медвенцев', 1),
	(100, 1, 'Краснощёков', 1),
	(101, 1, 'Степаньков', 1),
	(102, 1, 'Королёв', 1),
	(103, 1, 'Березин', 1),
	(104, 1, 'Лунин', 1),
	(105, 1, 'Мишухин', 1),
	(106, 1, 'Вострокопытов', 1),
	(107, 1, 'Долматов', 1),
	(108, 1, 'Буконин', 1),
	(109, 1, 'Ермошкин', 1),
	(110, 1, 'Вышеславцев', 1),
	(111, 1, 'Надежин', 1),
	(112, 1, 'Бабаков', 1),
	(113, 1, 'Шулаев', 1),
	(114, 1, 'Абакумов', 1),
	(115, 1, 'Недобоев', 1),
	(116, 1, 'Новомлинцев', 1),
	(117, 1, 'Бузунов', 1),
	(118, 1, 'Веденяпин', 1),
	(119, 1, 'Касьянов', 1),
	(120, 1, 'Макаров', 1),
	(121, 1, 'Бутусов', 1),
	(122, 1, 'Недосейкин', 1),
	(123, 1, 'Шамешев', 1),
	(124, 1, 'Ирошников', 1),
	(125, 1, 'Голямов', 1),
	(126, 1, 'Евсенчев', 1),
	(127, 1, 'Кравцов', 1),
	(128, 1, 'Бабанин', 1),
	(129, 1, 'Нагайцев', 1),
	(130, 1, 'Буянтуев', 1),
	(131, 1, 'Ларин', 1),
	(132, 1, 'Дюкарев', 1),
	(133, 1, 'Киселёв', 1),
	(134, 1, 'Оськин', 1),
	(135, 1, 'Кириллов', 1),
	(136, 1, 'Ахряпов', 1),
	(137, 1, 'Лохтин', 1),
	(138, 1, 'Тукмаков', 1),
	(139, 1, 'Сидоров', 1),
	(140, 1, 'Брыкин', 1),
	(141, 1, 'Бахорин', 1),
	(142, 1, 'Чернозёмов', 1),
	(143, 1, 'Девятаев', 1),
	(144, 1, 'Свердлов', 1),
	(145, 1, 'Нагибин', 1),
	(146, 1, 'Дебособров', 1),
	(147, 1, 'Лаушкин', 1),
	(148, 1, 'Нохрин', 1),
	(149, 1, 'Оношкин', 1),
	(150, 1, 'Выжлецов', 1),
	(151, 1, 'Алампиев', 1),
	(152, 1, 'Мишакин', 1),
	(153, 1, 'Витин', 1),
	(154, 1, 'Лызлов', 1),
	(155, 1, 'Бушмин', 1),
	(156, 1, 'Любимов', 1),
	(157, 1, 'Ликунов', 1),
	(158, 1, 'Молостнов', 1),
	(159, 1, 'Богданов', 1),
	(160, 1, 'Зенкин', 1),
	(161, 1, 'Недовесов', 1),
	(162, 1, 'Винокуров', 1),
	(163, 1, 'Мишукин', 1),
	(164, 1, 'Кузьмин', 1),
	(165, 1, 'Степанов', 1),
	(166, 1, 'Буробин', 1),
	(167, 1, 'Галиев', 1),
	(168, 1, 'Дорохов', 1),
	(169, 1, 'Аривошкин', 1),
	(170, 1, 'Васнецов', 1),
	(171, 1, 'Александров', 1),
	(172, 1, 'Негодяев', 1),
	(173, 1, 'Дьяков', 1),
	(174, 1, 'Дианов', 1),
	(175, 1, 'Недоплясов', 1),
	(176, 1, 'Недочётов', 1),
	(177, 1, 'Ненашкин', 1),
	(178, 1, 'Демидов', 1),
	(179, 1, 'Екимов', 1),
	(180, 1, 'Годунов', 1),
	(181, 1, 'Дахнов', 1),
	(182, 1, 'Карагодин', 1),
	(183, 1, 'Карпиков', 1),
	(184, 1, 'Каганцев', 1),
	(185, 1, 'Веньчаков', 1),
	(186, 1, 'Беглов', 1),
	(187, 1, 'Медведев', 1),
	(188, 1, 'Мишенин', 1),
	(189, 1, 'Брежнев', 1),
	(190, 1, 'Соколов', 1),
	(191, 1, 'Горетов', 1),
	(192, 1, 'Григорьев', 1),
	(193, 1, 'Харланов', 1),
	(194, 1, 'Охохонин', 1),
	(195, 1, 'Барашков', 1),
	(196, 1, 'Ногаев', 1),
	(197, 1, 'Румянцев', 1),
	(198, 1, 'Лексиков', 1),
	(199, 1, 'Астахов', 1),
	(200, 1, 'Евсеев', 1),
	(201, 1, 'Бакунин', 1),
	(202, 1, 'Лемяхов', 1),
	(203, 1, 'Олейников', 1),
	(204, 1, 'Недачин', 1),
	(205, 1, 'Капустин', 1),
	(206, 1, 'Мынкин', 1),
	(207, 1, 'Божков', 1),
	(208, 1, 'Мишкин', 1),
	(209, 1, 'Занозин', 1),
	(210, 1, 'Ефимочкин', 1),
	(211, 1, 'Арчаков', 1),
	(212, 1, 'Мельгунов', 1),
	(213, 1, 'Сорокин', 1),
	(214, 1, 'Рыбаков', 1),
	(215, 1, 'Михайлин', 1),
	(216, 1, 'Горюнов', 1),
	(217, 1, 'Ляхов', 1),
	(218, 1, 'Недоростков', 1),
	(219, 1, 'Карпунин', 1),
	(220, 1, 'Горохов', 1),
	(221, 1, 'Мурин', 1),
	(222, 1, 'Мутылин', 1),
	(223, 1, 'Дориков', 1),
	(224, 1, 'Михалищев', 1),
	(225, 1, 'Дорожкин', 1),
	(226, 1, 'Пугачев', 1),
	(227, 1, 'Рыбин', 1),
	(228, 1, 'Недожоров', 1),
	(229, 1, 'Молоканов', 1),
	(230, 1, 'Мушкетов', 1),
	(231, 1, 'Ворошилов', 1),
	(232, 1, 'Захаров', 1),
	(233, 1, 'Балябин', 1),
	(234, 1, 'Зюряев', 1),
	(235, 1, 'Лукшин', 1),
	(236, 1, 'Калинин', 1),
	(237, 1, 'Кандауров', 1),
	(238, 1, 'Воронин', 1),
	(239, 1, 'Поливанов', 1),
	(240, 1, 'Мишагин', 1),
	(241, 1, 'Зырянов', 1),
	(242, 1, 'Михалин', 1),
	(243, 1, 'Лозбинев', 1),
	(244, 1, 'Аушев', 1),
	(245, 1, 'Новожилов', 1),
	(246, 1, 'Лутошкин', 1),
	(247, 1, 'Ковалёв', 1),
	(248, 1, 'Дураков', 1),
	(249, 1, 'Некрасов', 1),
	(250, 1, 'Харламов', 1),
	(251, 1, 'Наврузов', 1),
	(252, 1, 'Закащиков', 1),
	(253, 1, 'Железняков', 1),
	(254, 1, 'Недошивин', 1),
	(255, 1, 'Булыгин', 1),
	(256, 1, 'Назаров', 1),
	(257, 1, 'Цветков', 1),
	(258, 1, 'Микулин', 1),
	(259, 1, 'Нагульнов', 1),
	(260, 1, 'Охромеев', 1),
	(261, 1, 'Замятин', 1),
	(262, 1, 'Нестеров', 1),
	(263, 1, 'Варлов', 1),
	(264, 1, 'Черкесов', 1),
	(265, 1, 'Дымов', 1),
	(266, 1, 'Шлякотин', 1),
	(267, 1, 'Карпычев', 1),
	(268, 1, 'Звенигородцев', 1),
	(269, 1, 'Беляев', 1),
	(270, 1, 'Важенин', 1),
	(271, 1, 'Михалкин', 1),
	(272, 1, 'Лютов', 1),
	(273, 1, 'Бибиков', 1),
	(274, 1, 'Молоснов', 1),
	(275, 1, 'Мишанин', 1),
	(276, 1, 'Буков', 1),
	(277, 1, 'Гмырин', 1),
	(278, 1, 'Вельмукин', 1),
	(279, 1, 'Ветошников', 1),
	(280, 1, 'Недодаев', 1),
	(281, 1, 'Зарудин', 1),
	(282, 1, 'Мишуточкин', 1),
	(283, 1, 'Ломовцев', 1),
	(284, 1, 'Мишин', 1),
	(285, 1, 'Лабазанов', 1),
	(286, 1, 'Марков', 1),
	(287, 1, 'Анохин', 1),
	(288, 1, 'Шляпкин', 1),
	(289, 1, 'Заказчиков', 1),
	(290, 1, 'Гуров', 1),
	(291, 1, 'Мишуров', 1),
	(292, 1, 'Бессарабов', 1),
	(293, 1, 'Минеев', 1),
	(294, 1, 'Васин', 1),
	(295, 1, 'Мячин', 1),
	(296, 1, 'Чудинов', 1),
	(297, 1, 'Лабзин', 1),
	(298, 1, 'Галанин', 1),
	(299, 1, 'Батраков', 1),
	(300, 1, 'Девяткин', 1),
	(301, 1, 'Сидоркин', 1),
	(302, 1, 'Пушкин', 1),
	(303, 1, 'Новиков', 1),
	(304, 1, 'Недогадов', 1),
	(305, 1, 'Остапов', 1),
	(306, 1, 'Москвичёв', 1),
	(307, 1, 'Коновалов ', 1),
	(308, 1, 'Мелехов', 1),
	(309, 1, 'Мусатов', 1),
	(310, 1, 'Свеженцев', 1),
	(311, 1, 'Синельников', 1),
	(312, 1, 'Мирошкин', 1),
	(313, 1, 'Наслузов', 1),
	(314, 1, 'Еськов', 1),
	(315, 1, 'Колесников', 1),
	(316, 1, 'Откупщиков', 1),
	(317, 1, 'Недомеров', 1),
	(318, 1, 'Михалков', 1),
	(319, 1, 'Осташков', 1),
	(320, 1, 'Забродин', 1),
	(321, 1, 'Степанцов', 1),
	(322, 1, 'Левышев', 1),
	(323, 1, 'Беклов', 1),
	(324, 1, 'Михлин', 1),
	(325, 1, 'Залыгин', 1),
	(326, 1, 'Недопекин', 1),
	(327, 1, 'Никулин', 1),
	(328, 1, 'Ларюшкин', 1),
	(329, 1, 'Щелчков', 1),
	(330, 1, 'Мызников', 1),
	(331, 1, 'Арзамасцев', 1),
	(332, 1, 'Каманин', 1),
	(333, 1, 'Неофидов', 1),
	(334, 1, 'Ларионов', 1),
	(335, 1, 'Воргин', 1),
	(336, 1, 'Поваров', 1),
	(337, 1, 'Базулин', 1),
	(338, 1, 'Булгаков', 1),
	(339, 1, 'Силкин', 1),
	(340, 1, 'Егин', 1),
	(341, 1, 'Ширилов', 1),
	(342, 1, 'Галанкин', 1),
	(343, 1, 'Амелякин', 1),
	(344, 1, 'Мухортов', 1),
	(345, 1, 'Бронников', 1),
	(346, 1, 'Митряев', 1),
	(347, 1, 'Еранцев', 1),
	(348, 1, 'Воронов', 1),
	(349, 1, 'Ванслов', 1),
	(350, 1, 'Атиков', 1),
	(351, 1, 'Забусов', 1),
	(352, 1, 'Дроздов', 1),
	(353, 1, 'Нездольев', 1),
	(354, 1, 'Чернышёв', 1),
	(355, 1, 'Акиншин', 1),
	(356, 1, 'Трофимов', 1),
	(357, 1, 'Гамаюнов', 1),
	(358, 1, 'Муратов', 1),
	(359, 1, 'Вересаев', 1),
	(360, 1, 'Мишутин', 1),
	(361, 1, 'Недомолвин', 1),
	(362, 1, 'Доверов', 1),
	(363, 1, 'Солонин', 1),
	(364, 1, 'Ерошин', 1),
	(365, 1, 'Зверев', 1),
	(366, 1, 'Ларюшин', 1),
	(367, 1, 'Братухин', 1),
	(368, 1, 'Недогонов', 1),
	(369, 1, 'Мишунькин', 1),
	(370, 1, 'Осминин', 1),
	(371, 1, 'Буздырин', 1),
	(372, 1, 'Коркин', 1),
	(373, 1, 'Алексеев', 1),
	(374, 1, 'Карамышев', 1),
	(375, 1, 'Щедрин', 1),
	(376, 1, 'Казанцев', 1),
	(377, 1, 'Михайлов', 1),
	(378, 1, 'Карпушин', 1),
	(379, 1, 'Степашин', 1),
	(380, 1, 'Недосеев', 1),
	(381, 1, 'Асадов', 1),
	(382, 1, 'Лошкомоев', 1),
	(383, 1, 'Янин', 1),
	(384, 1, 'Алюшников', 1),
	(385, 1, 'Зайцев', 1),
	(386, 1, 'Балахонов', 1),
	(387, 1, 'Гордеев', 1),
	(388, 1, 'Болгов', 1),
	(389, 1, 'Ледяйкин', 1),
	(390, 1, 'Донцов', 1),
	(391, 1, 'Мусаков', 1),
	(392, 1, 'Таныгин', 1),
	(393, 1, 'Кабанов', 1),
	(394, 1, 'Майоров', 1),
	(395, 1, 'Фролов', 1),
	(396, 1, 'Истифеев', 1),
	(397, 1, 'Мадаев', 1),
	(398, 1, 'Девятнин', 1),
	(399, 1, 'Майков', 1),
	(400, 1, 'Амилеев', 1),
	(401, 1, 'Четвериков', 1),
	(402, 1, 'Рыков', 1),
	(403, 1, 'Лексин', 1),
	(404, 1, 'Родин', 1),
	(405, 1, 'Баратаев', 1),
	(406, 1, 'Недоглядов', 1),
	(407, 1, 'Наследышев', 1),
	(408, 1, 'Басалаев', 1),
	(409, 1, 'Никуличев', 1),
	(410, 1, 'Изотов', 1),
	(411, 1, 'Шустров', 1),
	(412, 1, 'Мишечкин', 1),
	(413, 1, 'Калашников', 1),
	(414, 1, 'Бочаров', 1),
	(415, 1, 'Калабухов', 1),
	(416, 1, 'Лалетин', 1),
	(417, 1, 'Авдеев', 1),
	(418, 1, 'Добин', 1),
	(419, 1, 'Лядов', 1),
	(420, 1, 'Найдёнов', 1),
	(421, 1, 'Гагарин', 1),
	(422, 1, 'Непомнящев', 1),
	(423, 1, 'Манихин', 1),
	(424, 1, 'Галимов', 1),
	(425, 1, 'Клейменов', 1),
	(426, 1, 'Ермаков', 1),
	(427, 1, 'Столяров', 1),
	(428, 1, 'Бавин', 1),
	(429, 1, 'Киров', 1),
	(430, 1, 'Бражников', 1),
	(431, 1, 'Дерябин', 1),
	(432, 1, 'Мещеринов', 1),
	(433, 1, 'Михалычев', 1),
	(434, 1, 'Рычков', 1),
	(435, 1, 'Огуреев', 1),
	(436, 1, 'Муравцев', 1),
	(437, 1, 'Давыдов', 1),
	(438, 1, 'Горбачёв', 1),
	(439, 1, 'Гандурин', 1),
	(440, 1, 'Зимин', 1),
	(441, 1, 'Артемьев', 1),
	(442, 1, 'Ляков', 1),
	(443, 1, 'Гузеев', 1),
	(444, 1, 'Абрамов', 1),
	(445, 1, 'Насонов', 1),
	(446, 1, 'Евтухов', 1),
	(447, 1, 'Вахромеев', 1),
	(448, 1, 'Черномырдин', 1),
	(449, 1, 'Ваганов', 1),
	(450, 1, 'Веденеев', 1),
	(451, 1, 'Михалев', 1),
	(452, 1, 'Недосекин', 1),
	(453, 1, 'Шехин', 1),
	(454, 1, 'Ерастов', 1),
	(455, 1, 'Авлов', 1),
	(456, 1, 'Осьмухин', 1),
	(457, 1, 'Андрианов', 1),
	(458, 1, 'Бывшев', 1),
	(459, 1, 'Чанов', 1),
	(460, 1, 'Кадомцев', 1),
	(461, 1, 'Ипутатов', 1),
	(462, 1, 'Максутов', 1),
	(463, 1, 'Лисицын', 1),
	(464, 1, 'Миханькин', 1),
	(465, 1, 'Дементьев', 1),
	(466, 1, 'Окладников', 1),
	(467, 1, 'Галамов', 1),
	(468, 1, 'Денисов', 1),
	(469, 1, 'Бабушкин', 1),
	(470, 1, 'Бандурин', 1),
	(471, 1, 'Илларионов', 1),
	(472, 1, 'Жернов', 1),
	(473, 1, 'Бунин', 1),
	(474, 1, 'Истратов', 1),
	(475, 1, 'Бармин', 1),
	(476, 1, 'Верьянов', 1),
	(477, 1, 'Вуколов', 1),
	(478, 1, 'Дедушкин', 1),
	(479, 1, 'Мишаков', 1),
	(480, 1, 'Федчин', 1),
	(481, 1, 'Наседкин', 1),
	(482, 1, 'Тихомиров', 1),
	(483, 1, 'Жуков', 1),
	(484, 1, 'Паньшин', 1),
	(485, 1, 'Лариошкин', 1),
	(486, 1, 'Евлампиев', 1),
	(487, 1, 'Рогозин', 1),
	(488, 1, 'Гнатов', 1),
	(489, 1, 'Халтурин', 1),
	(490, 1, 'Самашов', 1),
	(491, 1, 'Авлуков', 1),
	(492, 1, 'Големов', 1),
	(493, 1, 'Примаков', 1),
	(494, 1, 'Ванюлин', 1),
	(495, 1, 'Долгов', 1),
	(496, 1, 'Лисин', 1),
	(497, 1, 'Мотовилов', 1),
	(498, 1, 'Власов', 1),
	(499, 1, 'Глухов', 1),
	(500, 1, 'Комолов', 1),
	(501, 1, 'Чичварин', 1),
	(502, 1, 'Новодерёжкин', 1),
	(503, 1, 'Волокитин', 1),
	(504, 1, 'Лесанов', 1),
	(505, 1, 'Мишурин', 1),
	(506, 1, 'Гаврилов', 1),
	(507, 1, 'Душечкин', 1),
	(508, 1, 'Лялин', 1),
	(509, 1, 'Мишулин', 1),
	(510, 1, 'Алаев', 1),
	(511, 1, 'Меркулов', 1),
	(512, 1, 'Кашеваров', 1),
	(513, 1, 'Вергизов', 1),
	(514, 1, 'Бакланов', 1),
	(515, 1, 'Калганов', 1),
	(516, 1, 'Кашицын', 1),
	(517, 1, 'Каёхтин', 1),
	(518, 1, 'Ошурков', 1),
	(519, 1, 'Ларьков', 1),
	(520, 1, 'Воеводин', 1),
	(521, 1, 'Михаев', 1),
	(522, 1, 'Истомин', 1),
	(523, 1, 'Башуткин', 1),
	(524, 1, 'Максаков', 1),
	(525, 1, 'Федотов', 1),
	(526, 1, 'Ергин', 1),
	(527, 1, 'Усиков', 1),
	(528, 1, 'Недобитов', 1),
	(529, 1, 'Душкин', 1),
	(530, 1, 'Алымов', 1),
	(531, 1, 'Нефёдочкин', 1),
	(532, 1, 'Попов', 1),
	(533, 1, 'Бурнашов', 1),
	(534, 1, 'Дорин', 1),
	(535, 1, 'Ряхов', 1),
	(536, 1, 'Безруков', 1),
	(537, 1, 'Дежнов', 1),
	(538, 1, 'Бородин', 1),
	(539, 1, 'Фрыгин', 1),
	(540, 1, 'Бектуганов', 1),
	(541, 1, 'Пахомов', 1),
	(542, 1, 'Останин', 1),
	(543, 1, 'Андросов', 1),
	(544, 1, 'Новокшонов', 1),
	(545, 1, 'Ожгибесов', 1),
	(546, 1, 'Никульшин', 1),
	(547, 1, 'Бурмистов', 1),
	(548, 1, 'Казаков', 1),
	(549, 1, 'Верижников', 1),
	(550, 1, 'Капитонов', 1),
	(551, 1, 'Серов', 1),
	(552, 1, 'Платонов', 1),
	(553, 1, 'Еманов', 1),
	(554, 1, 'Голицын', 1),
	(555, 1, 'Лескин', 1),
	(556, 1, 'Лимарев', 1),
	(557, 1, 'Охрютин', 1),
	(558, 1, 'Ламзин', 1),
	(559, 1, 'Железнов', 1),
	(560, 1, 'Нахабин', 1),
	(561, 1, 'Бухаров', 1),
	(562, 1, 'Бадыгин', 1),
	(563, 1, 'Асланов', 1),
	(564, 1, 'Панкратов', 1),
	(565, 1, 'Недотыкин', 1),
	(566, 1, 'Евстафьев', 1),
	(567, 1, 'Лешаков', 1),
	(568, 1, 'Ивашов', 1),
	(569, 1, 'Ерошкин', 1),
	(570, 1, 'Невьянцев', 1),
	(571, 1, 'Ляпичев', 1),
	(572, 1, 'Дятлов', 1),
	(573, 1, 'Лисовин', 1),
	(574, 1, 'Лындяев', 1),
	(575, 1, 'Минакин', 1),
	(576, 1, 'Белоглазов', 1),
	(577, 1, 'Лазлов', 1),
	(578, 1, 'Ларькин', 1),
	(579, 1, 'Лобанов', 1),
	(580, 1, 'Коробов', 1),
	(581, 1, 'Логинов', 1),
	(582, 1, 'Недокукин', 1),
	(583, 1, 'Кадыков', 1),
	(584, 1, 'Винаров', 1),
	(585, 1, 'Тряпичкин', 1),
	(586, 1, 'Рябикин', 1),
	(587, 1, 'Маёров', 1),
	(588, 1, 'Каракозов', 1),
	(589, 1, 'Варакин', 1),
	(590, 1, 'Мазуров', 1),
	(591, 1, 'Смехов', 1),
	(592, 1, 'Кадыров', 1),
	(593, 1, 'Ломов', 1),
	(594, 1, 'Момотов', 1),
	(595, 1, 'Юдин', 1),
	(596, 1, 'Лыткин', 1),
	(597, 1, 'Нижегородцев', 1),
	(598, 1, 'Чернов', 1),
	(599, 1, 'Батманов', 1),
	(600, 1, 'Малышкин', 1),
	(601, 1, 'Недозрелов', 1),
	(602, 1, 'Мишунин', 1),
	(603, 1, 'Наточнев', 1),
	(604, 1, 'Акиньшин', 1),
	(605, 1, 'Мурхабинов', 1),
	(606, 1, 'Юлдашев', 1),
	(607, 1, 'Хабибуллин', 1),
	(608, 1, 'Лашманов', 1),
	(609, 1, 'Карпов', 1),
	(610, 1, 'Ососков', 1),
	(611, 1, 'Визгалов', 1),
	(612, 1, 'Ахрамеев', 1),
	(613, 1, 'Второв', 1),
	(614, 1, 'Дронин', 1),
	(615, 1, 'Лемешев', 1),
	(616, 1, 'Аршинников', 1),
	(617, 1, 'Щербатов', 1),
	(618, 1, 'Балдин', 1),
	(619, 1, 'Вешняков', 1),
	(620, 1, 'Ерлыченков', 1),
	(621, 1, 'Егошин', 1),
	(622, 1, 'Бухонин', 1),
	(623, 1, 'Меланьин', 1),
	(624, 1, 'Амченцев', 1),
	(625, 1, 'Лялькин', 1),
	(626, 1, 'Антонов', 1),
	(627, 1, 'Багин', 1),
	(628, 1, 'Нарышкин', 1),
	(629, 1, 'Лындин', 1),
	(630, 1, 'Осьминин', 1),
	(631, 1, 'Ахмадуллина', 1),
	(632, 1, 'Нехаев', 1),
	(633, 1, 'Кузнецов', 1),
	(634, 1, 'Комаров', 1),
	(635, 1, 'Ворохобин', 1),
	(636, 1, 'Неёлов', 1),
	(637, 1, 'Гурьянов', 1),
	(638, 1, 'Лапин', 1),
	(639, 1, 'Неретин', 1),
	(640, 1, 'Елпидин', 1),
	(641, 1, 'Шестаков', 1),
	(642, 1, 'Малашкин', 1),
	(643, 1, 'Шанов', 1),
	(644, 1, 'Тункин', 1),
	(645, 1, 'Жулидов', 1),
	(646, 1, 'Монахов', 1),
	(647, 1, 'Яньков', 1),
	(648, 1, 'Аверин', 1),
	(649, 1, 'Гоглачёв', 1),
	(650, 1, 'Гонохов', 1),
	(651, 1, 'Мамонтов', 1),
	(652, 1, 'Нагаев', 1),
	(653, 1, 'Буданов', 1),
	(654, 1, 'Бабкин', 1),
	(655, 1, 'Клочков', 1),
	(656, 1, 'Максютов', 1),
	(657, 1, 'Зотов', 1),
	(658, 1, 'Закутин', 1),
	(659, 1, 'Острокопытов', 1),
	(660, 1, 'Кабин', 1),
	(661, 1, 'Леонтьев', 1),
	(662, 1, 'Карпичев', 1),
	(663, 1, 'Иринархов', 1),
	(664, 1, 'Малафеев', 1),
	(665, 1, 'Недохлебов', 1),
	(666, 1, 'Мирошников', 1),
	(667, 1, 'Баландин', 1),
	(668, 1, 'Маклаков', 1),
	(669, 1, 'Шебалкин', 1),
	(670, 1, 'Десятов', 1),
	(671, 1, 'Лямин', 1),
	(672, 1, 'Мижурин', 1),
	(673, 1, 'Дерюгин', 1),
	(674, 1, 'Нефёдов', 1),
	(675, 1, 'Ненашев', 1),
	(676, 1, 'Говендяев', 1),
	(677, 1, 'Кудрин', 1),
	(678, 1, 'Близняков', 1),
	(679, 1, 'Батюшков', 1),
	(680, 1, 'Гладышев', 1),
	(681, 1, 'Завражнов', 1),
	(682, 1, 'Слюдачёв', 1),
	(683, 1, 'Агуреев', 1),
	(684, 1, 'Позолотин', 1),
	(685, 1, 'Недоспасов', 1),
	(686, 1, 'Петров', 1),
	(687, 1, 'Вырошников', 1),
	(688, 1, 'Баранов', 1),
	(689, 1, 'Щербаков', 1),
	(690, 1, 'Скороходов', 1),
	(691, 1, 'Митрошкин', 1),
	(692, 1, 'Калюгин', 1),
	(693, 1, 'Напалков', 1),
	(694, 1, 'Минин', 1),
	(695, 1, 'Мишуткин', 1),
	(696, 1, 'Ерёмин', 1),
	(697, 1, 'Леонов', 1),
	(698, 1, 'Лаптев', 1),
	(699, 1, 'Митрохин', 1),
	(700, 1, 'Астапов', 1),
	(701, 1, 'Сладков', 1),
	(702, 1, 'Майданов', 1),
	(703, 1, 'Аратов', 1),
	(704, 1, 'Недожогин', 1),
	(705, 1, 'Проханов', 1),
	(706, 1, 'Однодворцев', 1),
	(707, 1, 'Мурсякаев', 1),
	(708, 1, 'Шашурин', 1),
	(709, 1, 'Недоквасов', 1),
	(710, 1, 'Шумаков', 1),
	(711, 1, 'Аношкин', 1),
	(712, 1, 'Бабурин', 1),
	(713, 1, 'Доможиров', 1),
	(714, 1, 'Морюнин', 1),
	(715, 1, 'Евлахов', 1),
	(716, 1, 'Волосатов', 1),
	(717, 1, 'Голоднов', 1),
	(718, 1, 'Тихоходов', 1),
	(719, 1, 'Ширяев', 1),
	(720, 1, 'Любимцев', 1),
	(721, 1, 'Осьминкин', 1),
	(722, 1, 'Ерохин', 1),
	(723, 1, 'Маркин', 1),
	(724, 1, 'Вараксин', 1),
	(725, 1, 'Недокладов', 1),
	(726, 1, 'Недоносков', 1),
	(727, 1, 'Бакулин', 1),
	(728, 1, 'Носаев', 1),
	(729, 1, 'Синякин', 1),
	(730, 1, 'Нефедьев', 1),
	(731, 1, 'Белоярцев', 1),
	(732, 1, 'Багаев', 1),
	(733, 1, 'Веретинов', 1),
	(734, 1, 'Лутошин', 1),
	(735, 1, 'Наточеев', 1),
	(736, 1, 'Лёвочкин', 1),
	(737, 1, 'Закатов', 1),
	(738, 1, 'Онегин', 1),
	(739, 1, 'Дюжев', 1),
	(740, 1, 'Надеин', 1),
	(741, 1, 'Деревятин', 1),
	(742, 1, 'Лалитин', 1),
	(743, 1, 'Выростов', 1),
	(744, 1, 'Минаев', 1),
	(745, 1, 'Гандыбин', 1),
	(746, 1, 'Андронников', 1),
	(747, 1, 'Куликов', 1),
	(748, 1, 'Осьмаков', 1),
	(749, 1, 'Лутохин', 1),
	(750, 1, 'Зюганов', 1),
	(751, 1, 'Егоров', 1),
	(752, 1, 'Беднов', 1),
	(753, 1, 'Арутюнов', 1),
	(754, 1, 'Качулин', 1),
	(755, 1, 'Гаршин', 1),
	(756, 1, 'Мымликов', 1),
	(757, 1, 'Неделин', 1),
	(758, 1, 'Дробышев', 1),
	(759, 1, 'Волостнов', 1),
	(760, 1, 'Желваков', 1),
	(761, 1, 'Башутин', 1),
	(762, 1, 'Белов', 1),
	(763, 1, 'Евланин', 1),
	(764, 1, 'Жаринов', 1),
	(765, 1, 'Алимов', 1),
	(766, 1, 'Оплетаев', 1),
	(767, 1, 'Жмакин', 1),
	(768, 1, 'Исаев', 1),
	(769, 1, 'Васильев', 1),
	(770, 1, 'Ноговицын', 1),
	(771, 1, 'Проханова', 2),
	(772, 1, 'Абрамцева', 2),
	(773, 1, 'Годунова', 2),
	(774, 1, 'Бадыгина', 2),
	(775, 1, 'Каймакова', 2),
	(776, 1, 'Недошивина', 2),
	(777, 1, 'Ламзина', 2),
	(778, 1, 'Башутина', 2),
	(779, 1, 'Батманова', 2),
	(780, 1, 'Лындяева', 2),
	(781, 1, 'Лешакова', 2),
	(782, 1, 'Журавлёва', 2),
	(783, 1, 'Арзамасцева', 2),
	(784, 1, 'Ермакова', 2),
	(785, 1, 'Бабакова', 2),
	(786, 1, 'Ошуркова', 2),
	(787, 1, 'Мотовилова', 2),
	(788, 1, 'Чернышёва', 2),
	(789, 1, 'Десятова', 2),
	(790, 1, 'Лалитина', 2),
	(791, 1, 'Слюдачёва', 2),
	(792, 1, 'Карпичева', 2),
	(793, 1, 'Шебалкина', 2),
	(794, 1, 'Девятова', 2),
	(795, 1, 'Найдёнова', 2),
	(796, 1, 'Евланина', 2),
	(797, 1, 'Мишакова', 2),
	(798, 1, 'Романова', 2),
	(799, 1, 'Визгалова', 2),
	(800, 1, 'Лемяхова', 2),
	(801, 1, 'Девятаева', 2),
	(802, 1, 'Атикова', 2),
	(803, 1, 'Оськина', 2),
	(804, 1, 'Маннапова', 2),
	(805, 1, 'Тарханова', 2),
	(806, 1, 'Новокшонова', 2),
	(807, 1, 'Истомина', 2),
	(808, 1, 'Лютова', 2),
	(809, 1, 'Минина', 2),
	(810, 1, 'Лешукова', 2),
	(811, 1, 'Занозина', 2),
	(812, 1, 'Бакулина', 2),
	(813, 1, 'Лякова', 2),
	(814, 1, 'Ногаева', 2),
	(815, 1, 'Дерябина', 2),
	(816, 1, 'Недоросткова', 2),
	(817, 1, 'Мазурова', 2),
	(818, 1, 'Беспалова', 2),
	(819, 1, 'Баранова', 2),
	(820, 1, 'Багаева', 2),
	(821, 1, 'Чичварина', 2),
	(822, 1, 'Леонова', 2),
	(823, 1, 'Дедушкина', 2),
	(824, 1, 'Дорикова', 2),
	(825, 1, 'Янина', 2),
	(826, 1, 'Мусакова', 2),
	(827, 1, 'Нестерова', 2),
	(828, 1, 'Недосеева', 2),
	(829, 1, 'Злобина', 2),
	(830, 1, 'Евлашова', 2),
	(831, 1, 'Выжлецова', 2),
	(832, 1, 'Еманова', 2),
	(833, 1, 'Евдокимова', 2),
	(834, 1, 'Задерихина', 2),
	(835, 1, 'Ванюлина', 2),
	(836, 1, 'Бибикова', 2),
	(837, 1, 'Недокукина', 2),
	(838, 1, 'Вышеславцева', 2),
	(839, 1, 'Маркова', 2),
	(840, 1, 'Айдуллина', 2),
	(841, 1, 'Бочарова', 2),
	(842, 1, 'Бухонина', 2),
	(843, 1, 'Михайлина', 2),
	(844, 1, 'Мусатова', 2),
	(845, 1, 'Витина', 2),
	(846, 1, 'Лялина', 2),
	(847, 1, 'Гоглачёва', 2),
	(848, 1, 'Богданова', 2),
	(849, 1, 'Долматова', 2),
	(850, 1, 'Вешнякова', 2),
	(851, 1, 'Големова', 2),
	(852, 1, 'Архипова', 2),
	(853, 1, 'Тукмакова', 2),
	(854, 1, 'Недоноскова', 2),
	(855, 1, 'Мадаева', 2),
	(856, 1, 'Баратаева', 2),
	(857, 1, 'Багдасарян', 2),
	(858, 1, 'Глаголева', 2),
	(859, 1, 'Бунина', 2),
	(860, 1, 'Белова', 2),
	(861, 1, 'Ерошкина', 2),
	(862, 1, 'Неретина', 2),
	(863, 1, 'Бронникова', 2),
	(864, 1, 'Носаева', 2),
	(865, 1, 'Андросова', 2),
	(866, 1, 'Забродина', 2),
	(867, 1, 'Закутина', 2),
	(868, 1, 'Киселёва', 2),
	(869, 1, 'Анохина', 2),
	(870, 1, 'Щербатова', 2),
	(871, 1, 'Столярова', 2),
	(872, 1, 'Сергеева', 2),
	(873, 1, 'Вострокопытова', 2),
	(874, 1, 'Недомолвина', 2),
	(875, 1, 'Мызникова', 2),
	(876, 1, 'Нечаева', 2),
	(877, 1, 'Забусова', 2),
	(878, 1, 'Лапина', 2),
	(879, 1, 'Дюкарева', 2),
	(880, 1, 'Нохрина', 2),
	(881, 1, 'Голицына', 2),
	(882, 1, 'Недосекина', 2),
	(883, 1, 'Румянцева', 2),
	(884, 1, 'Откупщикова', 2),
	(885, 1, 'Железнякова', 2),
	(886, 1, 'Осьминина', 2),
	(887, 1, 'Гандурина', 2),
	(888, 1, 'Мазова', 2),
	(889, 1, 'Мишутина', 2),
	(890, 1, 'Дедова', 2),
	(891, 1, 'Благинина', 2),
	(892, 1, 'Душечкина', 2),
	(893, 1, 'Малахова', 2),
	(894, 1, 'Недозевина', 2),
	(895, 1, 'Жмакина', 2),
	(896, 1, 'Михлина', 2),
	(897, 1, 'Щелчкова', 2),
	(898, 1, 'Молостнова', 2),
	(899, 1, 'Васина', 2),
	(900, 1, 'Лексикова', 2),
	(901, 1, 'Попова', 2),
	(902, 1, 'Веретинова', 2),
	(903, 1, 'Александрова', 2),
	(904, 1, 'Харламова', 2),
	(905, 1, 'Лозбинева', 2),
	(906, 1, 'Капитонова', 2),
	(907, 1, 'Голоднова', 2),
	(908, 1, 'Беглова', 2),
	(909, 1, 'Галамова', 2),
	(910, 1, 'Бектуганова', 2),
	(911, 1, 'Бестужева', 2),
	(912, 1, 'Мишечкина', 2),
	(913, 1, 'Мишурова', 2),
	(914, 1, 'Еськова', 2),
	(915, 1, 'Карпочкина', 2),
	(916, 1, 'Майкова', 2),
	(917, 1, 'Ликунова', 2),
	(918, 1, 'Желвакова', 2),
	(919, 1, 'Силкина', 2),
	(920, 1, 'Денисова', 2),
	(921, 1, 'Закатова', 2),
	(922, 1, 'Шехина', 2),
	(923, 1, 'Кадомцева', 2),
	(924, 1, 'Охромеева', 2),
	(925, 1, 'Андрианова', 2),
	(926, 1, 'Тимофеева', 2),
	(927, 1, 'Екимова', 2),
	(928, 1, 'Астапова', 2),
	(929, 1, 'Ерёмина', 2),
	(930, 1, 'Ковалёва', 2),
	(931, 1, 'Воронова', 2),
	(932, 1, 'Остроушко', 2),
	(933, 1, 'Мишунина', 2),
	(934, 1, 'Ларюхина', 2),
	(935, 1, 'Мухортова', 2),
	(936, 1, 'Недожорова', 2),
	(937, 1, 'Мушкетова', 2),
	(938, 1, 'Нефедьева', 2),
	(939, 1, 'Минакина', 2),
	(940, 1, 'Новодерёжкина', 2),
	(941, 1, 'Дежнова', 2),
	(942, 1, 'Мымликова', 2),
	(943, 1, 'Демидова', 2),
	(944, 1, 'Карпеева', 2),
	(945, 1, 'Алексеева', 2),
	(946, 1, 'Мелехова', 2),
	(947, 1, 'Ларина', 2),
	(948, 1, 'Любимова', 2),
	(949, 1, 'Дорожкина', 2),
	(950, 1, 'Михайлова', 2),
	(951, 1, 'Лариошкина', 2),
	(952, 1, 'Ларюшина', 2),
	(953, 1, 'Винарова', 2),
	(954, 1, 'Майорова', 2),
	(955, 1, 'Базулина', 2),
	(956, 1, 'Буробина', 2),
	(957, 1, 'Наследышева', 2),
	(958, 1, 'Нефёдова', 2),
	(959, 1, 'Калинина', 2),
	(960, 1, 'Белоярцева', 2),
	(961, 1, 'Ряхова', 2),
	(962, 1, 'Еранцева', 2),
	(963, 1, 'Авлукова', 2),
	(964, 1, 'Ерошина', 2),
	(965, 1, 'Ванслова', 2),
	(966, 1, 'Михалычева', 2),
	(967, 1, 'Бутусова', 2),
	(968, 1, 'Васильева', 2),
	(969, 1, 'Недоквасова', 2),
	(970, 1, 'Наровчатова', 2),
	(971, 1, 'Нистратова', 2),
	(972, 1, 'Березина', 2),
	(973, 1, 'Егина', 2),
	(974, 1, 'Волокитина', 2),
	(975, 1, 'Лобанова', 2),
	(976, 1, 'Мишурина', 2),
	(977, 1, 'Вуколова', 2),
	(978, 1, 'Ососкова', 2),
	(979, 1, 'Синякина', 2),
	(980, 1, 'Лескина', 2),
	(981, 1, 'Доможирова', 2),
	(982, 1, 'Нагульнова', 2),
	(983, 1, 'Бахтиярова', 2),
	(984, 1, 'Важенина', 2),
	(985, 1, 'Лашманова', 2),
	(986, 1, 'Макарова', 2),
	(987, 1, 'Горбачёва', 2),
	(988, 1, 'Бершова', 2),
	(989, 1, 'Недогонова', 2),
	(990, 1, 'Арутюнова', 2),
	(991, 1, 'Нехаева', 2),
	(992, 1, 'Недовесова', 2),
	(993, 1, 'Дорохова', 2),
	(994, 1, 'Евлашина', 2),
	(995, 1, 'Шашурина', 2),
	(996, 1, 'Логинова', 2),
	(997, 1, 'Викторова', 2),
	(998, 1, 'Близнякова', 2),
	(999, 1, 'Мишагина', 2),
	(1000, 1, 'Ергина', 2),
	(1001, 1, 'Муравлёва', 2),
	(1002, 1, 'Зюганова', 2),
	(1003, 1, 'Ожгибесова', 2),
	(1004, 1, 'Галимова', 2),
	(1005, 1, 'Карпунина', 2),
	(1006, 1, 'Четверикова', 2),
	(1007, 1, 'Ермошкина', 2),
	(1008, 1, 'Ширилова', 2),
	(1009, 1, 'Ломовцева', 2),
	(1010, 1, 'Цветкова', 2),
	(1011, 1, 'Шлякотина', 2),
	(1012, 1, 'Митрохина', 2),
	(1013, 1, 'Бакунина', 2),
	(1014, 1, 'Наврузова', 2),
	(1015, 1, 'Лимарева', 2),
	(1016, 1, 'Лисина', 2),
	(1017, 1, 'Степашина', 2),
	(1018, 1, 'Кашицына', 2),
	(1019, 1, 'Пушкина', 2),
	(1020, 1, 'Григорьева', 2),
	(1021, 1, 'Юдина', 2),
	(1022, 1, 'Асланова', 2),
	(1023, 1, 'Демихова', 2),
	(1024, 1, 'Максютова', 2),
	(1025, 1, 'Примакова', 2),
	(1026, 1, 'Воронина', 2),
	(1027, 1, 'Астафьева', 2),
	(1028, 1, 'Арчакова', 2),
	(1029, 1, 'Тихоходова', 2),
	(1030, 1, 'Листратова', 2),
	(1031, 1, 'Любимцева', 2),
	(1032, 1, 'Каёхтина', 2),
	(1033, 1, 'Казакова', 2),
	(1034, 1, 'Лесанова', 2),
	(1035, 1, 'Ерлыченкова', 2),
	(1036, 1, 'Непомнящева', 2),
	(1037, 1, 'Верижникова', 2),
	(1038, 1, 'Балашова', 2),
	(1039, 1, 'Дахнова', 2),
	(1040, 1, 'Напалкова', 2),
	(1041, 1, 'Ларюшкина', 2),
	(1042, 1, 'Мичурина', 2),
	(1043, 1, 'Михаева', 2),
	(1044, 1, 'Клочкова', 2),
	(1045, 1, 'Вергизова', 2),
	(1046, 1, 'Добина', 2),
	(1047, 1, 'Вараксина', 2),
	(1048, 1, 'Недоспасова', 2),
	(1049, 1, 'Майданова', 2),
	(1050, 1, 'Лызлова', 2),
	(1051, 1, 'Недопекина', 2),
	(1052, 1, 'Микулина', 2),
	(1053, 1, 'Трубачёва', 2),
	(1054, 1, 'Сорокина', 2),
	(1055, 1, 'Солонина', 2),
	(1056, 1, 'Лалетина', 2),
	(1057, 1, 'Калганова', 2),
	(1058, 1, 'Андронникова', 2),
	(1059, 1, 'Башуткина', 2),
	(1060, 1, 'Зарудина', 2),
	(1061, 1, 'Соколова', 2),
	(1062, 1, 'Самашова', 2),
	(1063, 1, 'Сюткина', 2),
	(1064, 1, 'Мещеринова', 2),
	(1065, 1, 'Лутошкина', 2),
	(1066, 1, 'Лисицына', 2),
	(1067, 1, 'Лындина', 2),
	(1068, 1, 'Исаева', 2),
	(1069, 1, 'Бакланова', 2),
	(1070, 1, 'Лялькина', 2),
	(1071, 1, 'Кадырова', 2),
	(1072, 1, 'Максутова', 2),
	(1073, 1, 'Паньшина', 2),
	(1074, 1, 'Однодворцева', 2),
	(1075, 1, 'Муштакова', 2),
	(1076, 1, 'Маклакова', 2),
	(1077, 1, 'Дягилева', 2),
	(1078, 1, 'Горетова', 2),
	(1079, 1, 'Дёмина', 2),
	(1080, 1, 'Митряева', 2),
	(1081, 1, 'Ларькина', 2),
	(1082, 1, 'Кузнецова', 2),
	(1083, 1, 'Ларькова', 2),
	(1084, 1, 'Изотова', 2),
	(1085, 1, 'Коробова', 2),
	(1086, 1, 'Алюшникова', 2),
	(1087, 1, 'Янькова', 2),
	(1088, 1, 'Букова', 2),
	(1089, 1, 'Гурьянова', 2),
	(1090, 1, 'Доверова', 2),
	(1091, 1, 'Дронина', 2),
	(1092, 1, 'Давыдова', 2),
	(1093, 1, 'Кравцова', 2),
	(1094, 1, 'Наточнева', 2),
	(1095, 1, 'Гладышева', 2),
	(1096, 1, 'Гурова', 2),
	(1097, 1, 'Мирошкина', 2),
	(1098, 1, 'Мишуточкина', 2),
	(1099, 1, 'Беклова', 2),
	(1100, 1, 'Мурина', 2),
	(1101, 1, 'Васнецова', 2),
	(1102, 1, 'Бабанина', 2),
	(1103, 1, 'Недогадова', 2),
	(1104, 1, 'Дымова', 2),
	(1105, 1, 'Зверева', 2),
	(1106, 1, 'Фролова', 2),
	(1107, 1, 'Дебособрова', 2),
	(1108, 1, 'Голованева', 2),
	(1109, 1, 'Гонохова', 2),
	(1110, 1, 'Зюряева', 2),
	(1111, 1, 'Тихомирова', 2),
	(1112, 1, 'Аушева', 2),
	(1113, 1, 'Мурсякаева', 2),
	(1114, 1, 'Бородина', 2),
	(1115, 1, 'Бабина', 2),
	(1116, 1, 'Нездольева', 2),
	(1117, 1, 'Меркулова', 2),
	(1118, 1, 'Алымова', 2),
	(1119, 1, 'Гринькова', 2),
	(1120, 1, 'Лутошина', 2),
	(1121, 1, 'Осташкова', 2),
	(1122, 1, 'Комолова', 2),
	(1123, 1, 'Ерастова', 2),
	(1124, 1, 'Маркина', 2),
	(1125, 1, 'Лутошникова', 2),
	(1126, 1, 'Щербакова', 2),
	(1127, 1, 'Ишмухаметова', 2),
	(1128, 1, 'Мингалёва', 2),
	(1129, 1, 'Гандыбина', 2),
	(1130, 1, 'Беляева', 2),
	(1131, 1, 'Мишкина', 2),
	(1132, 1, 'Петрова', 2),
	(1133, 1, 'Спиридонова', 2),
	(1134, 1, 'Назарова', 2),
	(1135, 1, 'Воргина', 2),
	(1136, 1, 'Миронова', 2),
	(1137, 1, 'Михалева', 2),
	(1138, 1, 'Карагодина', 2),
	(1139, 1, 'Молоканова', 2),
	(1140, 1, 'Зайцева', 2),
	(1141, 1, 'Мирошникова', 2),
	(1142, 1, 'Ваганова', 2),
	(1143, 1, 'Рогозина', 2),
	(1144, 1, 'Чумакова', 2),
	(1145, 1, 'Бражникова', 2),
	(1146, 1, 'Кудрина', 2),
	(1147, 1, 'Дежнева', 2),
	(1148, 1, 'Панкратова', 2),
	(1149, 1, 'Гамаюнова', 2),
	(1150, 1, 'Малафеева', 2),
	(1151, 1, 'Чернозёмова', 2),
	(1152, 1, 'Куликова', 2),
	(1153, 1, 'Недобитова', 2),
	(1154, 1, 'Лаушкина', 2),
	(1155, 1, 'Лемешева', 2),
	(1156, 1, 'Муратова', 2),
	(1157, 1, 'Каманина', 2),
	(1158, 1, 'Звенигородцева', 2),
	(1159, 1, 'Буконина', 2),
	(1160, 1, 'Медвенцева', 2),
	(1161, 1, 'Ломова', 2),
	(1162, 1, 'Шаймарданова', 2),
	(1163, 1, 'Балахонова', 2),
	(1164, 1, 'Останина', 2),
	(1165, 1, 'Недоглядова', 2),
	(1166, 1, 'Амченцева', 2),
	(1167, 1, 'Сидорова', 2),
	(1168, 1, 'Лазлова', 2),
	(1169, 1, 'Бармина', 2),
	(1170, 1, 'Бессарабова', 2),
	(1171, 1, 'Амелякина', 2),
	(1172, 1, 'Безрукова', 2),
	(1173, 1, 'Истифеева', 2),
	(1174, 1, 'Максакова', 2),
	(1175, 1, 'Миханькина', 2),
	(1176, 1, 'Недосказова', 2),
	(1177, 1, 'Бузунова', 2),
	(1178, 1, 'Жулидова', 2),
	(1179, 1, 'Ветошникова', 2),
	(1180, 1, 'Свердлова', 2),
	(1181, 1, 'Недосейкина', 2),
	(1182, 1, 'Железнова', 2),
	(1183, 1, 'Веньчакова', 2),
	(1184, 1, 'Бывшева', 2),
	(1185, 1, 'Ворошилова', 2),
	(1186, 1, 'Лёвочкина', 2),
	(1187, 1, 'Аратова', 2),
	(1188, 1, 'Усикова', 2),
	(1189, 1, 'Ерашева', 2),
	(1190, 1, 'Лабазанова', 2),
	(1191, 1, 'Золотавина', 2),
	(1192, 1, 'Щедрина', 2),
	(1193, 1, 'Дюжева', 2),
	(1194, 1, 'Крылова', 2),
	(1195, 1, 'Недокладова', 2),
	(1196, 1, 'Лаптева', 2),
	(1197, 1, 'Харланова', 2),
	(1198, 1, 'Неприна', 2),
	(1199, 1, 'Заказчикова', 2),
	(1200, 1, 'Нагайцева', 2),
	(1201, 1, 'Ворохобина', 2),
	(1202, 1, 'Малышкина', 2),
	(1203, 1, 'Донцова', 2),
	(1204, 1, 'Дятлова', 2),
	(1205, 1, 'Пугачева', 2),
	(1206, 1, 'Ерохина', 2),
	(1207, 1, 'Наточеева', 2),
	(1208, 1, 'Братухина', 2),
	(1209, 1, 'Авлова', 2),
	(1210, 1, 'Нежданова', 2),
	(1211, 1, 'Охохонина', 2),
	(1212, 1, 'Елпидина', 2),
	(1213, 1, 'Акиншина', 2),
	(1214, 1, 'Мынкина', 2),
	(1215, 1, 'Лабзина', 2),
	(1216, 1, 'Рыбина', 2),
	(1217, 1, 'Недоплясова', 2),
	(1218, 1, 'Шляпкина', 2),
	(1219, 1, 'Недочётова', 2),
	(1220, 1, 'Наговицына', 2),
	(1221, 1, 'Капустина', 2),
	(1222, 1, 'Дробышева', 2),
	(1223, 1, 'Евсеева', 2),
	(1224, 1, 'Нагаева', 2),
	(1225, 1, 'Леонтьева', 2),
	(1226, 1, 'Второва', 2),
	(1227, 1, 'Кашеварова', 2),
	(1228, 1, 'Ивашова', 2),
	(1229, 1, 'Выростова', 2),
	(1230, 1, 'Ляхова', 2),
	(1231, 1, 'Рябикина', 2),
	(1232, 1, 'Сладкова', 2),
	(1233, 1, 'Галанина', 2),
	(1234, 1, 'Чунова', 2),
	(1235, 1, 'Гаршина', 2),
	(1236, 1, 'Евланова', 2),
	(1237, 1, 'Казанцева', 2),
	(1238, 1, 'Рыбакова', 2),
	(1239, 1, 'Горохова', 2),
	(1240, 1, 'Михалищева', 2),
	(1241, 1, 'Бабаева', 2),
	(1242, 1, 'Вересаева', 2),
	(1243, 1, 'Гамзулина', 2),
	(1244, 1, 'Михалкова', 2),
	(1245, 1, 'Дианова', 2),
	(1246, 1, 'Мишухина', 2),
	(1247, 1, 'Басалаева', 2),
	(1248, 1, 'Никулина', 2),
	(1249, 1, 'Лаврова', 2),
	(1250, 1, 'Веденяпина', 2),
	(1251, 1, 'Забирова', 2),
	(1252, 1, 'Лихарева', 2),
	(1253, 1, 'Новомлинцева', 2),
	(1254, 1, 'Егорова', 2),
	(1255, 1, 'Винокурова', 2),
	(1256, 1, 'Евлампиева', 2),
	(1257, 1, 'Сидоркина', 2),
	(1258, 1, 'Кириллова', 2),
	(1259, 1, 'Бурнашова', 2),
	(1260, 1, 'Некрасова', 2),
	(1261, 1, 'Балябина', 2),
	(1262, 1, 'Жаринова', 2),
	(1263, 1, 'Бутакова', 2),
	(1264, 1, 'Михалкина', 2),
	(1265, 1, 'Поварницина', 2),
	(1266, 1, 'Жукова', 2),
	(1267, 1, 'Мишина', 2),
	(1268, 1, 'Левышева', 2),
	(1269, 1, 'Каракозова', 2),
	(1270, 1, 'Мишанина', 2),
	(1271, 1, 'Мишукина', 2),
	(1272, 1, 'Новикова', 2),
	(1273, 1, 'Закащикова', 2),
	(1274, 1, 'Качулина', 2),
	(1275, 1, 'Богдашкина', 2),
	(1276, 1, 'Брыкина', 2),
	(1277, 1, 'Меланьина', 2),
	(1278, 1, 'Карпушина', 2),
	(1279, 1, 'Недомерова', 2),
	(1280, 1, 'Лямина', 2),
	(1281, 1, 'Волосатова', 2),
	(1282, 1, 'Варлова', 2),
	(1283, 1, 'Бухарова', 2),
	(1284, 1, 'Мишакина', 2),
	(1285, 1, 'Жеребина', 2),
	(1286, 1, 'Нарышкина', 2),
	(1287, 1, 'Булгакова', 2),
	(1288, 1, 'Буданова', 2),
	(1289, 1, 'Родина', 2),
	(1290, 1, 'Евлахова', 2),
	(1291, 1, 'Баглай', 2),
	(1292, 1, 'Поварова', 2),
	(1293, 1, 'Ирошникова', 2),
	(1294, 1, 'Кадышева', 2),
	(1295, 1, 'Дуракова', 2),
	(1296, 1, 'Колесникова', 2),
	(1297, 1, 'Осьмакова', 2),
	(1298, 1, 'Багина', 2),
	(1299, 1, 'Неёлова', 2),
	(1300, 1, 'Верьянова', 2),
	(1301, 1, 'Говендяева', 2),
	(1302, 1, 'Кирова', 2),
	(1303, 1, 'Федчина', 2),
	(1304, 1, 'Карпова', 2),
	(1305, 1, 'Молоснова', 2),
	(1306, 1, 'Черномырдина', 2),
	(1307, 1, 'Глазьева', 2),
	(1308, 1, 'Демичева', 2),
	(1309, 1, 'Оплетаева', 2),
	(1310, 1, 'Гузеева', 2),
	(1311, 1, 'Чудинова', 2),
	(1312, 1, 'Зырянова', 2),
	(1313, 1, 'Онегина', 2),
	(1314, 1, 'Наслузова', 2),
	(1315, 1, 'Федотова', 2),
	(1316, 1, 'Недокучаева', 2),
	(1317, 1, 'Морозова', 2),
	(1318, 1, 'Шустрова', 2),
	(1319, 1, 'Осминина', 2),
	(1320, 1, 'Шумакова', 2),
	(1321, 1, 'Агуреева', 2),
	(1322, 1, 'Окладникова', 2),
	(1323, 1, 'Глухова', 2),
	(1324, 1, 'Оношкина', 2),
	(1325, 1, 'Дерюгина', 2),
	(1326, 1, 'Недачина', 2),
	(1327, 1, 'Зенкина', 2),
	(1328, 1, 'Неофидова', 2),
	(1329, 1, 'Синельникова', 2),
	(1330, 1, 'Алаева', 2),
	(1331, 1, 'Карпикова', 2),
	(1332, 1, 'Алампиева', 2),
	(1333, 1, 'Краснощёкова', 2),
	(1334, 1, 'Варакина', 2),
	(1335, 1, 'Девятнина', 2),
	(1336, 1, 'Мамонтова', 2),
	(1337, 1, 'Батракова', 2),
	(1338, 1, 'Никульшина', 2),
	(1339, 1, 'Залыгина', 2),
	(1340, 1, 'Нижегородцева', 2),
	(1341, 1, 'Вельмукина', 2),
	(1342, 1, 'Бабурина', 2),
	(1343, 1, 'Гагарина', 2),
	(1344, 1, 'Осьминкина', 2),
	(1345, 1, 'Недожогина', 2),
	(1346, 1, 'Астахова', 2),
	(1347, 1, 'Минеева', 2),
	(1348, 1, 'Булыгина', 2),
	(1349, 1, 'Ипутатова', 2),
	(1350, 1, 'Дорина', 2),
	(1351, 1, 'Нахабина', 2),
	(1352, 1, 'Карамышева', 2),
	(1353, 1, 'Поливанова', 2),
	(1354, 1, 'Вырошникова', 2),
	(1355, 1, 'Малашкина', 2),
	(1356, 1, 'Насонова', 2),
	(1357, 1, 'Кунцева', 2),
	(1358, 1, 'Лядова', 2),
	(1359, 1, 'Никуличева', 2),
	(1360, 1, 'Морюнина', 2),
	(1361, 1, 'Евтухова', 2),
	(1362, 1, 'Неделина', 2),
	(1363, 1, 'Алимова', 2),
	(1364, 1, 'Вахромеева', 2),
	(1365, 1, 'Черкесова', 2),
	(1366, 1, 'Фрыгина', 2),
	(1367, 1, 'Лошкомоева', 2),
	(1368, 1, 'Антонова', 2),
	(1369, 1, 'Жернова', 2),
	(1370, 1, 'Чанова', 2),
	(1371, 1, 'Корубина', 2),
	(1372, 1, 'Бурмистрова', 2),
	(1373, 1, 'Рычкова', 2),
	(1374, 1, 'Москвичёва', 2),
	(1375, 1, 'Наседкина', 2),
	(1376, 1, 'Болгова', 2),
	(1377, 1, 'Воеводина', 2),
	(1378, 1, 'Барашкова', 2),
	(1379, 1, 'Лохтина', 2),
	(1380, 1, 'Гнатова', 2),
	(1381, 1, 'Новожилова', 2),
	(1382, 1, 'Момотова', 2),
	(1383, 1, 'Бавина', 2),
	(1384, 1, 'Лутохина', 2),
	(1385, 1, 'Кузьмина', 2),
	(1386, 1, 'Осьмухина', 2),
	(1387, 1, 'Недозрелова', 2),
	(1388, 1, 'Миханкина', 2),
	(1389, 1, 'Мишулина', 2),
	(1390, 1, 'Булатова', 2),
	(1391, 1, 'Галанкина', 2),
	(1392, 1, 'Смехова', 2),
	(1393, 1, 'Кадыкова', 2),
	(1394, 1, 'Мишуткина', 2),
	(1395, 1, 'Егошина', 2),
	(1396, 1, 'Загудалова', 2),
	(1397, 1, 'Карпушкина', 2),
	(1398, 1, 'Ноговицына', 2),
	(1399, 1, 'Мещерякова', 2),
	(1400, 1, 'Рыкова', 2),
	(1401, 1, 'Королёва', 2),
	(1402, 1, 'Деревятина', 2),
	(1403, 1, 'Тряпичкина', 2),
	(1404, 1, 'Ковалькова', 2),
	(1405, 1, 'Гималетдинова', 2),
	(1406, 1, 'Бабкина', 2),
	(1407, 1, 'Мячина', 2),
	(1408, 1, 'Степанцова', 2),
	(1409, 1, 'Лунина', 2),
	(1410, 1, 'Митрошкина', 2),
	(1411, 1, 'Авдеева', 2),
	(1412, 1, 'Волостнова', 2),
	(1413, 1, 'Буздырина', 2),
	(1414, 1, 'Иринархова', 2),
	(1415, 1, 'Бурмистова', 2),
	(1416, 1, 'Маёрова', 2),
	(1417, 1, 'Лисовина', 2),
	(1418, 1, 'Душкина', 2),
	(1419, 1, 'Охрютина', 2),
	(1420, 1, 'Ширяева', 2),
	(1421, 1, 'Баландина', 2),
	(1422, 1, 'Захарова', 2),
	(1423, 1, 'Степанькова', 2),
	(1424, 1, 'Трофимова', 2),
	(1425, 1, 'Панова', 2),
	(1426, 1, 'Илларионова', 2),
	(1427, 1, 'Нефёдочкина', 2),
	(1428, 1, 'Ахряпова', 2),
	(1429, 1, 'Скороходова', 2),
	(1430, 1, 'Минаева', 2),
	(1431, 1, 'Грызлова', 2),
	(1432, 1, 'Абрамова', 2),
	(1433, 1, 'Горюнова', 2),
	(1434, 1, 'Ненашкина', 2),
	(1435, 1, 'Шанова', 2),
	(1436, 1, 'Медведева', 2),
	(1437, 1, 'Калашникова', 2),
	(1438, 1, 'Амилеева', 2),
	(1439, 1, 'Моржеретова', 2),
	(1440, 1, 'Негодяева', 2),
	(1441, 1, 'Аривошкина', 2),
	(1442, 1, 'Артемьева', 2),
	(1443, 1, 'Нагибина', 2),
	(1444, 1, 'Надежина', 2),
	(1445, 1, 'Михалина', 2),
	(1446, 1, 'Ефимочкина', 2),
	(1447, 1, 'Балдина', 2),
	(1448, 1, 'Витютиева', 2),
	(1449, 1, 'Мельгунова', 2),
	(1450, 1, 'Лесун', 2),
	(1451, 1, 'Евсенчева', 2),
	(1452, 1, 'Лукшина', 2),
	(1453, 1, 'Евстафьева', 2),
	(1454, 1, 'Гмырина', 2),
	(1455, 1, 'Касьянова', 2),
	(1456, 1, 'Клейменова', 2),
	(1457, 1, 'Ледяйкина', 2),
	(1458, 1, 'Гаврилова', 2),
	(1459, 1, 'Ермолина', 2),
	(1460, 1, 'Аношкина', 2),
	(1461, 1, 'Близнюкова', 2),
	(1462, 1, 'Недотыкина', 2),
	(1463, 1, 'Огуреева', 2),
	(1464, 1, 'Дьякова', 2),
	(1465, 1, 'Салимова', 2),
	(1466, 1, 'Шестакова', 2),
	(1467, 1, 'Недохлебова', 2),
	(1468, 1, 'Монахова', 2),
	(1469, 1, 'Мысина', 2),
	(1470, 1, 'Гордеева', 2),
	(1471, 1, 'Лесина', 2),
	(1472, 1, 'Ненашева', 2),
	(1473, 1, 'Будаева', 2),
	(1474, 1, 'Перумова', 2),
	(1475, 1, 'Андреева', 2),
	(1476, 1, 'Завражнова', 2),
	(1477, 1, 'Ляпичева', 2),
	(1478, 1, 'Назимова', 2),
	(1479, 1, 'Бушмина', 2),
	(1480, 1, 'Недодаева', 2),
	(1481, 1, 'Кабанова', 2),
	(1482, 1, 'Муравцева', 2),
	(1483, 1, 'Ахрамеева', 2),
	(1484, 1, 'Зимина', 2),
	(1485, 1, 'Чернова', 2),
	(1486, 1, 'Лексина', 2),
	(1487, 1, 'Зотова', 2),
	(1488, 1, 'Девяткина', 2),
	(1489, 1, 'Долгова', 2),
	(1490, 1, 'Позолотина', 2),
	(1491, 1, 'Невьянцева', 2),
	(1492, 1, 'Бахолдина', 2),
	(1493, 1, 'Микифорова', 2),
	(1494, 1, 'Веденеева', 2),
	(1495, 1, 'Волкова', 2),
	(1496, 1, 'Платонова', 2),
	(1497, 1, 'Каганцева', 2),
	(1498, 1, 'Голямова', 2),
	(1499, 1, 'Буянтуева', 2),
	(1500, 1, 'Божкова', 2),
	(1501, 1, 'Недобоева', 2),
	(1502, 1, 'Лихачёва', 2),
	(1503, 1, 'Остапова', 2),
	(1504, 1, 'Асадова', 2),
	(1505, 1, 'Надеина', 2),
	(1506, 1, 'Мутылина', 2),
	(1507, 1, 'Бабушкина', 2),
	(1508, 1, 'Власова', 2),
	(1509, 1, 'Кандаурова', 2),
	(1510, 1, 'Лыткина', 2),
	(1511, 1, 'Олейникова', 2),
	(1512, 1, 'Замятина', 2),
	(1513, 1, 'Смирнова', 2),
	(1514, 1, 'Острокопытова', 2),
	(1515, 1, 'Мижурина', 2),
	(1516, 1, 'Бахорина', 2),
	(1517, 1, 'Мишенина', 2),
	(1518, 1, 'Манихина', 2),
	(1519, 1, 'Аршинникова', 2),
	(1520, 1, 'Калюгина', 2),
	(1521, 1, 'Свеженцева', 2),
	(1522, 1, 'Калабухова', 2),
	(1523, 1, 'Мишунькина', 2),
	(1524, 1, 'Дементьева', 2),
	(1525, 1, 'Комарова', 2),
	(1526, 1, 'Батюшкова', 2);
/*!40000 ALTER TABLE `names_l` ENABLE KEYS */;

-- Dumping structure for table roddom.names_m
CREATE TABLE IF NOT EXISTS `names_m` (
  `id` int(11) unsigned NOT NULL AUTO_INCREMENT,
  `company_id` int(11) NOT NULL DEFAULT '1' COMMENT 'ID компании',
  `middlename` varchar(255) DEFAULT NULL,
  `gender` int(11) DEFAULT NULL,
  PRIMARY KEY (`id`),
  KEY `company_id` (`company_id`)
) ENGINE=InnoDB AUTO_INCREMENT=146 DEFAULT CHARSET=utf8;

-- Dumping data for table roddom.names_m: ~145 rows (approximately)
/*!40000 ALTER TABLE `names_m` DISABLE KEYS */;
INSERT INTO `names_m` (`id`, `company_id`, `middlename`, `gender`) VALUES
	(1, 1, 'Александрович', 1),
	(2, 1, 'Алексеевич', 1),
	(3, 1, 'Альбертович', 1),
	(4, 1, 'Анатольевич', 1),
	(5, 1, 'Андреевич', 1),
	(6, 1, 'Антонович', 1),
	(7, 1, 'Арсланович', 1),
	(8, 1, 'Афанасьевич', 1),
	(9, 1, 'Богданович', 1),
	(10, 1, 'Борисович', 1),
	(11, 1, 'Вадимович', 1),
	(12, 1, 'Валентинович', 1),
	(13, 1, 'Валерьевич', 1),
	(14, 1, 'Васильевич', 1),
	(15, 1, 'Викторович', 1),
	(16, 1, 'Витальевич', 1),
	(17, 1, 'Владимирович', 1),
	(18, 1, 'Владимировна', 1),
	(19, 1, 'Владиславович', 1),
	(20, 1, 'Власиевич', 1),
	(21, 1, 'Всеволодович', 1),
	(22, 1, 'Вячеславович', 1),
	(23, 1, 'Геннадьевич', 1),
	(24, 1, 'Георгиевич', 1),
	(25, 1, 'Григорьевич', 1),
	(26, 1, 'Данилович', 1),
	(27, 1, 'Даянович', 1),
	(28, 1, 'Денисович', 1),
	(29, 1, 'Дмитриевич', 1),
	(30, 1, 'Евгеньевич', 1),
	(31, 1, 'Егорович', 1),
	(32, 1, 'Емельянович', 1),
	(33, 1, 'Захарович', 1),
	(34, 1, 'Иванович', 1),
	(35, 1, 'Игоревич', 1),
	(36, 1, 'Ильич', 1),
	(37, 1, 'Касьянович', 1),
	(38, 1, 'Кириллович', 1),
	(39, 1, 'Константинович', 1),
	(40, 1, 'Ксенофонтович', 1),
	(41, 1, 'Кузьмич', 1),
	(42, 1, 'Леонидович', 1),
	(43, 1, 'Леопольдович', 1),
	(44, 1, 'Львович', 1),
	(45, 1, 'Макарович', 1),
	(46, 1, 'Максимович', 1),
	(47, 1, 'Михайлович', 1),
	(48, 1, 'Мусеевна', 1),
	(49, 1, 'Никитич', 1),
	(50, 1, 'Никифорович', 1),
	(51, 1, 'Николаевич', 1),
	(52, 1, 'Олегович', 1),
	(53, 1, 'Павлович', 1),
	(54, 1, 'Петрович', 1),
	(55, 1, 'Платонович', 1),
	(56, 1, 'Романович', 1),
	(57, 1, 'Русланович', 1),
	(58, 1, 'Сергеевич', 1),
	(59, 1, 'Станиславович', 1),
	(60, 1, 'Степанович', 1),
	(61, 1, 'Тимофеевич', 1),
	(62, 1, 'Тимурович', 1),
	(63, 1, 'Трофимович', 1),
	(64, 1, 'Фанисович', 1),
	(65, 1, 'Фёдорович', 1),
	(66, 1, 'Федотович', 1),
	(67, 1, 'Фомич', 1),
	(68, 1, 'Эдуардович', 1),
	(69, 1, 'Юрьевич', 1),
	(70, 1, 'Яковлевич', 1),
	(71, 1, '', 2),
	(72, 1, 'Александровна', 2),
	(73, 1, 'Александровна', 2),
	(74, 1, 'Алексеевна', 2),
	(75, 1, 'Альбертовна', 2),
	(76, 1, 'Анатольевна', 2),
	(77, 1, 'Андреевна', 2),
	(78, 1, 'Антоновна', 2),
	(79, 1, 'Аркадьевна', 2),
	(80, 1, 'Афанасьевна', 2),
	(81, 1, 'Богдановна', 2),
	(82, 1, 'Борисовна', 2),
	(83, 1, 'Вадимовна', 2),
	(84, 1, 'Валентиновна', 2),
	(85, 1, 'Валерьевна', 2),
	(86, 1, 'Васильевна', 2),
	(87, 1, 'Викторовна', 2),
	(88, 1, 'Витальевна', 2),
	(89, 1, 'Владимировна', 2),
	(90, 1, 'Владиславовна', 2),
	(91, 1, 'Власиевна', 2),
	(92, 1, 'Всеволодовна', 2),
	(93, 1, 'Вячеславовна', 2),
	(94, 1, 'Геннадьевна', 2),
	(95, 1, 'Георгиевна', 2),
	(96, 1, 'Григорьевна', 2),
	(97, 1, 'Даниловна', 2),
	(98, 1, 'Денисовна', 2),
	(99, 1, 'Дмитриевна', 2),
	(100, 1, 'Евгеньевна', 2),
	(101, 1, 'Егоровна', 2),
	(102, 1, 'Емельяновна', 2),
	(103, 1, 'Захаровна', 2),
	(104, 1, 'Ивановна', 2),
	(105, 1, 'Игоревна', 2),
	(106, 1, 'Ильинична', 2),
	(107, 1, 'Касьяновна', 2),
	(108, 1, 'Кирилловна', 2),
	(109, 1, 'Константиновна', 2),
	(110, 1, 'Ксенофонтовна', 2),
	(111, 1, 'Кузьминична', 2),
	(112, 1, 'Леонидовна', 2),
	(113, 1, 'Леопольдовна', 2),
	(114, 1, 'Львовна', 2),
	(115, 1, 'Макаровна', 2),
	(116, 1, 'Максимовна', 2),
	(117, 1, 'Маратовна', 2),
	(118, 1, 'Михайловна', 2),
	(119, 1, 'Никитична', 2),
	(120, 1, 'Никифоровна', 2),
	(121, 1, 'Николаевна', 2),
	(122, 1, 'Олеговна', 2),
	(123, 1, 'Павловна', 2),
	(124, 1, 'Петровна', 2),
	(125, 1, 'Платоновна', 2),
	(126, 1, 'Рамилевна', 2),
	(127, 1, 'Романовна', 2),
	(128, 1, 'Руслановна', 2),
	(129, 1, 'Саматовна', 2),
	(130, 1, 'Сергеевна', 2),
	(131, 1, 'Станиславовна', 2),
	(132, 1, 'Степановна', 2),
	(133, 1, 'Султангалиевна', 2),
	(134, 1, 'Суреновна', 2),
	(135, 1, 'Тимофеевна', 2),
	(136, 1, 'Тимуровна', 2),
	(137, 1, 'Трифоновна', 2),
	(138, 1, 'Трофимовна', 2),
	(139, 1, 'Фёдоровна', 2),
	(140, 1, 'Федотовна', 2),
	(141, 1, 'Фоминична', 2),
	(142, 1, 'Эдуардовна', 2),
	(143, 1, 'Юрьевна', 2),
	(144, 1, 'Явдатовна', 2),
	(145, 1, 'Яковлевна', 2);
/*!40000 ALTER TABLE `names_m` ENABLE KEYS */;

-- Dumping structure for trigger roddom.moms_insert
SET @OLDTMP_SQL_MODE=@@SQL_MODE, SQL_MODE='STRICT_TRANS_TABLES,NO_ENGINE_SUBSTITUTION';
DELIMITER //
CREATE TRIGGER `moms_insert` AFTER INSERT ON `moms` FOR EACH ROW begin
insert into momsbackup (id, last_name, name, mid_name) values (new.id, new.last_name, new.name, new.mid_name);
end//
DELIMITER ;
SET SQL_MODE=@OLDTMP_SQL_MODE;

-- Dumping structure for trigger roddom.moms_timeupdate
SET @OLDTMP_SQL_MODE=@@SQL_MODE, SQL_MODE='STRICT_TRANS_TABLES,NO_ENGINE_SUBSTITUTION';
DELIMITER //
CREATE TRIGGER `moms_timeupdate` BEFORE INSERT ON `momsbackup` FOR EACH ROW BEGIN
    SET NEW.created_date = NOW();
END//
DELIMITER ;
SET SQL_MODE=@OLDTMP_SQL_MODE;

-- Dumping structure for trigger roddom.moms_update
SET @OLDTMP_SQL_MODE=@@SQL_MODE, SQL_MODE='STRICT_TRANS_TABLES,NO_ENGINE_SUBSTITUTION';
DELIMITER //
CREATE TRIGGER `moms_update` AFTER UPDATE ON `moms` FOR EACH ROW begin
insert into momsbackup (id, last_name, name, mid_name) values (old.id, old.last_name, old.name, old.mid_name);
end//
DELIMITER ;
SET SQL_MODE=@OLDTMP_SQL_MODE;

/*!40101 SET SQL_MODE=IFNULL(@OLD_SQL_MODE, '') */;
/*!40014 SET FOREIGN_KEY_CHECKS=IF(@OLD_FOREIGN_KEY_CHECKS IS NULL, 1, @OLD_FOREIGN_KEY_CHECKS) */;
/*!40101 SET CHARACTER_SET_CLIENT=@OLD_CHARACTER_SET_CLIENT */;
